titles,date,text
蓬佩奥涉华演讲的满嘴谎言与事实真相,2020-08-25,共产党领导和中国政治制度，挑拨中国共产党与中国人民的联系，并对中国内外政策进行无端指责，散布“中国威胁论”，妄图挑动拼凑国际反华联盟，遏制中国发展。　　蓬佩奥言论无视历史，罔顾现实，充斥着强烈意识形态
蓬佩奥涉华演讲的满嘴谎言与事实真相,2020-08-25,共产党领导和中国政治制度，挑拨中国共产党与中国人民的联系，并对中国内外政策进行无端指责，散布“中国威胁论”，妄图挑动拼凑国际反华联盟，遏制中国发展。　　蓬佩奥言论无视历史，罔顾现实，充斥着强烈意识形态
蓬佩奥涉华演讲的满嘴谎言与事实真相,2020-08-25,共产党领导和中国政治制度，挑拨中国共产党与中国人民的联系，并对中国内外政策进行无端指责，散布“中国威胁论”，妄图挑动拼凑国际反华联盟，遏制中国发展。　　蓬佩奥言论无视历史，罔顾现实，充斥着强烈意识形态
直面挑战，为人类进步事业而奋斗（人民观点）,2020-08-24,综合国力和国际影响力快速提升，国际上有些人担心中国会走“国强必霸”的路子，一些人提出了所谓的“中国威胁论”。这既有认知上的误读，有根深蒂固的偏见，也有力量消长带来的心理失衡，还有出于维护自身既得利益的
充斥强盗逻辑，注定不会得逞,2020-07-20,打“香港牌”图谋绝不会得逞。　　武汉大学法学院教授周叶中分析说，近年来，美国一些政治势力鼓吹“中国威胁论”，妄图以打压、颠覆等方式阻挠和遏制中国的发展。美方此举是不可能得逞的。美方所谓“制裁”，粗暴践
人民友好不可阻挡（钟声）,2020-06-14,院所谓“威胁”，荒唐地要求所有孔子学院按“外国代理人”注册。其本质，就是在谎言基础上疯狂散布“中国威胁论”，妄图砍断40多年来中美两国形成的紧密联系，进而挑起全面对抗。　　美国一些政客把孔子学院视为“
制裁成瘾 霸道成性(钟声),2020-06-02,翼当前对中国的指控是“鲁莽且危险的”，可能使世界陷入冲突。美国前驻华大使鲍卡斯将美方近来炮制“中国威胁论”的狂热，与昔日“麦卡锡时代”相提并论——世人评价，上世纪中叶美国政客约瑟夫·麦卡锡将“无比的大
调查报道揭露美西方借涉疆问题抹黑中国图谋,2020-04-06,该机构正在推行一种“一边倒的、支持美国的世界观”，澳大利亚前驻华大使芮捷锐批评该机构在澳鼓吹“中国威胁论”。澳大利亚工党参议员金·卡尔指出，澳大利亚战略政策研究所2019到2020财年接受了美国国务院
世界不会随着谬论起舞（钟声）,2020-02-19,　在慕尼黑安全会议的讲台上，美国国防部长埃斯珀和国务卿蓬佩奥演起了荒唐的“二重奏”：一个鼓吹“中国威胁论”，一个大谈“西方胜利论”；一会儿放言中国加入世贸组织是“美国的恩赐”，一会儿高呼中国正在“干涉
一个德国人眼中的中国复兴之路（书写新中国故事）,2020-01-12,被扭曲的中国形象。他批评西方的狭隘，不愿接受中国已经成为一个经济和政治大国的事实。他努力消解“中国威胁论”，呼吁西方正确理解中国。　　对于中国人而言，赛茨的著作为我们认识自己提供了一种新的可能性。让我
讲述亲历故事 见证辉煌历程（风从东方来——国际人士谈新中国70年发展成就）,2019-11-25,生。3年后，我顺利通过论文答辩，成为第一个拿到中国博士学位的韩国人。我在毕业论文中批驳了所谓“中国威胁论”，强调中国的外交政策具有大国风范，中国始终坚持在和平共处五项原则的基础上同世界所有国家建立和发
喋喋不休的鼓噪蒙蔽不了世人（钟声）,2019-11-17,、挑起争端的意图，都是世界和平发展事业的绊脚石。　　谎言就是谎言，重复千遍亦枉然。形形色色的“中国威胁论”早已在事实面前不攻自破，现在他们转而恶毒攻击中国共产党和中国政府，不过是一招不行再换另一招的把
中国始终坚定奉行防御性国防政策（聚焦北京香山论坛）,2019-10-23,国防御性国防政策的基本立场、观点和内涵，对于增进国际社会对中国国防政策的正确认识，回击和驳斥“中国威胁论”等谬论，有着重要意义。　　新时代中国国防政策有着鲜明的时代特征和完备的科学内涵。它以坚决捍卫国
新时代的中国与世界,2019-09-28,综合国力和国际影响力快速提升，国际上有些人担心中国会走“国强必霸”的路子，一些人提出了所谓的“中国威胁论”。这既有认知上的误读，有根深蒂固的偏见，也有力量消长带来的心理失衡，还有出于维护自身既得利益的
新时代的中国与世界,2019-09-28,综合国力和国际影响力快速提升，国际上有些人担心中国会走“国强必霸”的路子，一些人提出了所谓的“中国威胁论”。这既有认知上的误读，有根深蒂固的偏见，也有力量消长带来的心理失衡，还有出于维护自身既得利益的
新时代的中国与世界,2019-09-28,综合国力和国际影响力快速提升，国际上有些人担心中国会走“国强必霸”的路子，一些人提出了所谓的“中国威胁论”。这既有认知上的误读，有根深蒂固的偏见，也有力量消长带来的心理失衡，还有出于维护自身既得利益的
坚定不移走和平发展道路（人民观点）,2019-09-19,和平与全球发展作出了巨大贡献。然而，在中国的发展过程中，也总是有形形色色的所谓“中国崩溃论”“中国威胁论”“国强必霸论”等臆测。这些不经之谈之所以最终无一例外走向破产，是因为他们忽视了中华民族和衷共济
中国为全球治理作出独特贡献（热点辨析）,2019-09-04,方国家一些人从“西方中心主义”的狭隘视野出发，把中国在全球治理舞台上的积极作为看作挑战，鼓噪“中国威胁论”。这反映出这些人错误的世界观、陈旧的思维方式和顽固的意识形态偏见。他们的想法还停留在冷战思维、
十七、推动构建人类命运共同体（习近平新时代中国特色社会主义思想学习纲要（18））,2019-08-14,献。　　这些年来，随着中国快速发展，国际上有些人担心中国会走“国强必霸”的路子，提出了所谓的“中国威胁论”，这既有认知上的误读，也有根深蒂固的偏见。坚定不移走和平发展道路，是中国对国际社会关注中国发展
面向世界和未来的新时代中国国防,2019-07-25,力范围作为中国国防的鲜明特征，凸显了新时代中国国防的自卫性和防御性，是对所谓“中国国强必霸”“中国威胁论”等谬论的严正回应。把贯彻落实新时代军事战略方针作为中国国防的战略指导，强调要积极适应战略竞争新
美国正造就一个可能无法战胜的敌人,2019-07-24,增，邻国们无不担忧自己将不得不顺从中国，然而没有哪个国家真的担心中国入侵。美国人兜售的夸大的“中国威胁论”，在国内比在国外更受欢迎。即使那些对中国心有戒备的国家，美国这套说辞也没有产生很强吸引力——那
第四届海外华文新媒体高峰论坛,2019-07-10,享者。　　三是客观展示中国大国形象。如今，中国发展成就获得国际社会普遍认可。然而，仍有人散播“中国威胁论”。这其中，既有误读误解，也有故意抹黑。华文媒体需要让国外受众认识一个客观真实的中国，一个发展进
天下为公行大道（“今日之中国”系列述评）,2019-06-05,识形态和地缘政治的中国智慧。从“历史终结论”“文明冲突论”，渲染颇多的所谓“修昔底德陷阱”到“中国威胁论”，对抗冲突的思维怪圈令世界深受其害，让人们对中国方案更加充满期待。正如英国剑桥大学马丁·雅克教
战略误判，后果严重,2019-05-21,经贸摩擦，而且在外交、科技、军事、涉台等诸多领域小动作不断。一些身居要职的美国政客，大肆宣扬“中国威胁论”，将中国视为“最危险的敌人”，扬言美中之间是“文明之间的冲突”，甚至叫嚣要把中国“打回到第三世
国防部新闻发言人就美国国防部和军方高官涉华言论答记者问,2019-03-23,算听证会上作证时大肆渲染“中国威胁”。请问中方对此作何评论？　　答：美方言论罔顾事实，渲染“中国军事威胁论”，充斥着“零和”博弈的冷战思维，不利于中美两国和两军关系健康发展，我们对此表示坚决反对。　　
共同命运,2018-12-19,导国际关系民主化，倡导尊重文明多样性，把中国外交成功推向新世纪。　　进入21世纪，不同版本的“中国威胁论”“中国衰退论”“中国崩溃论”甚嚣尘上。胡锦涛同志审时度势，提出了和平发展和构建和谐世界的战略思
坚持推动构建人类命运共同体 努力建设一个更加美好的世界,2018-10-31,责任与担当。随着中国快速发展，国际上有些人担心中国会走“国强必霸”的路子，一些人提出了所谓的“中国威胁论”，认为中国发展起来了必然是一种“威胁”，甚至把中国描绘成一个可怕的“墨菲斯托”，似乎哪一天中国
人文交流让开放发展行稳致远（新知新觉）,2018-10-30,释改革开放40年中国发展的系统理论，开展更有深度的思想交流和学术对话，以思想和学理的魅力回击“中国威胁论”“中国崩溃论”等论调。另一方面，针对国外一些民众对新时代的中国缺乏科学全面的认知，不断提升国际
美国诬蔑中国干涉内政荒谬至极,2018-10-23,身背劣迹，却无端指责中国干涉其内政，不但无法令世人信服，更暴露其卑劣用心。　　一直以来，炒作“中国威胁论”都是美国一些政客拉票助选的惯用伎俩。这一次，“剧情”有了新发展。一些人出于政治目的，史无前例地
谁得道多助，谁失道寡助？,2018-10-18,为人类和平与发展作出的扎实努力和积极贡献，国际社会看在眼里，公道自在人心。　　与一些人炮制的“中国威胁论”相反，中国是联合国维和行动第二大出资国和联合国安理会常任理事国中派遣维和军事人员最多的国家，中
“中国威胁论”根本站不住脚 中国的发展是世界的机遇（热点辨析）,2018-10-17,的言论，反映出“中国威胁论”在西方国家仍有市场，冷战思维在西方国家一些人头脑中仍然根深蒂固。　　中国是一个从未对世界和平与发展构成任何威胁的国家，但西方国家一些人却时常炮制“中国威胁论”。这些年，“中
开放的大门只会越开越大,2018-10-12,增加，西方媒体“债务陷阱”等说法也随之而来，认为中国贷款加重有关国家债务负担，从而形成又一波“中国威胁论”。　　一组数据很有说服力：2017年来自中国的贷款占斯里兰卡外债10%左右，其中61.5%是低
自觉承担起宣传思想工作的使命任务（深入学习贯彻习近平新时代中国特色社会主义思想）,2018-09-13,务。　　讲好中国故事。近些年，针对中国经济社会快速发展，一些国外媒体作出各种解读。其中，不乏“中国威胁论”之类的曲解和误读。对此，我国宣传思想工作者作出了及时有效回应。今后，应进一步做好澄清谬误、明辨
渲染“中国威胁论”　为加速扩军造势 日本新版《防卫白皮书》遭抨击,2018-08-29,记者表示：“当前日中关系面临进一步改善与发展的重要契机，然而《防卫白皮书》颠倒事实、继续炒作‘中国威胁论’，这必将遭到两国人民的强烈反对。”　　由于历史和现实的原因，日本在军事安全方面的动向令亚洲邻国
大道致远，海纳百川,2018-08-27,目带来的积极影响。”　　——借助“一带一路”推行“新殖民主义”？　　某些人将“一带一路”视为“中国威胁论”的“靶子”。　　事实最具发言权：以中非关系为例，秉持真实亲诚理念和正确义利观，中国积极寻求同非
大道致远，海纳百川,2018-08-27,目带来的积极影响。”　　——借助“一带一路”推行“新殖民主义”？　　某些人将“一带一路”视为“中国威胁论”的“靶子”。　　事实最具发言权：以中非关系为例，秉持真实亲诚理念和正确义利观，中国积极寻求同非
为新时代新变革凝魂聚力,2018-08-21,为什么管用”的解答。也有人不愿意看到醒狮的振奋、巨龙的腾飞，不愿意看到中国人民的生活美好，从“中国威胁论”到“中国崩溃论”，唱衰中国的论调不绝于耳。　　一如落后就要挨打、贫穷就要挨饿，在国际舆论格局中
为新时代新变革凝魂聚力,2018-08-21,为什么管用”的解答。也有人不愿意看到醒狮的振奋、巨龙的腾飞，不愿意看到中国人民的生活美好，从“中国威胁论”到“中国崩溃论”，唱衰中国的论调不绝于耳。　　一如落后就要挨打、贫穷就要挨饿，在国际舆论格局中
坚决反对罔顾事实妄加评论中国国防建设,2018-08-19,建设妄加评论。　　有记者问：美国国防部日前发表2018年度《涉华军事与安全发展报告》，渲染“中国军事威胁论和军力不透明”，对中国加强国防建设表示关注。你对此有何评论？　　陆慷说，美方上述报告罔顾事实，
中国经济长期向好的基本面没有变,2018-08-17,灌”，宏观调控的政策空间还很大。特别是改革开放40年来，宏观调控积累了丰富的经验。　　国际上“中国威胁论”是没有根据的，“中国衰败论”也是没有根据的。在稳中有变的情况下，我们有针对性地采取措施，精准施
认识把握意识形态工作发展态势（新知新觉）,2018-07-12,些西方国家把我国的发展进步视为对西方制度模式和价值观的威胁，时而鼓吹“中国崩溃论”，时而鼓吹“中国威胁论”，目的都在于否定中国特色社会主义。一些别有用心的人则鼓吹历史虚无主义，歪曲党和国家历史、抹黑党
美国乱贴“经济侵略”标签实属荒唐之举,2018-07-07,安全战略报告》里也涉及“经济侵略”。　　此次发布的《报告》对中国的指责很多与整体事实不符，是“中国威胁论”的最新变种，带有强烈的政治动机，显然是在中美经贸摩擦升级背景下为美国的单边主义和保护主义政策寻
让中国声音被更多人倾听（记者观察）,2018-06-19,发展中国家的未来前景，推动了世界力量的重塑。”弗格森直言，一些国家不愿意看到中国崛起，不停地提中国威胁论、中国扩张论，故意抹黑中国形象。“作为翻译，我们更应该继续加强传播，并确保中国真正地被其他国家所
纪录片“出海”，机遇与挑战并存（光影视界）,2018-06-14,神、对社会肌体的维护、“和谐共生”的世界观和价值观等中国传统文化精神。　　伴随中国国力增强，“中国威胁论”此起彼伏，这种论调受到意识形态等多重因素的影响。西方纪录片里的中国形象一方面展示了中国社会发展
科学社会主义具有强大生机活力（大家手笔）,2018-06-08,危机爆发以来，西方国家经济出现衰退征兆。第二，西方国家一些人或者鼓吹“中国崩溃论”，或者鼓吹“中国威胁论”，企图遏制中国发展。面对新形势、新情况，需要新的理论指导我们攻坚克难。党的十八大以来，以习近平
指导新时代国家安全工作的强大思想武器,2018-05-04,须始终不渝坚持下去，永远不能动摇。　　针对一些人对中国快速发展的误解和偏见，特别是一些人渲染“中国威胁论”，习近平同志指出：纵观世界历史，依靠武力对外侵略扩张最终都是要失败的。这是历史规律。中国从一个
让科学社会主义真理之光更加璀璨夺目（深入学习贯彻习近平新时代中国特色社会主义思想）,2018-04-26,西方一些人更多的是宣扬所谓“失败论”“崩溃论”，期盼中国步苏东剧变的后尘，那么，现在这些人鼓吹中国“威胁论”更多、调门也更高。这种变化，恰恰反映了西方自身的虚弱和日益增长的恐惧。人们注意到，在西方一些
不惧风雨勇向前（人民观察）,2018-04-15,颓废文化，意识形态较量更为激烈。一些西方媒体对中国的制度、发展模式等仍然存在不少误解和偏见，“中国威胁论”不时出现，对中国进行曲解、污蔑和抹黑的言论时有耳闻。　　抵御风险继续前行　　我们党面临的外部环
凝聚世界各国利益的最大公约数,2018-03-19,会科学院美国研究所研究员、《美国研究》执行主编赵梅委员表示，人类命运共同体被写入宪法，既是对“中国威胁论”的回应，也是对“中国想要一个什么样的世界”的有力回答。它表明中国坚持和平发展、与各国互利共赢的
就中国外交政策和对外关系答中外记者问,2018-03-09,，但国际上也有人炒作新一轮“中国威胁论”。你如何回应上述说法？　　王毅：过去几十年，西方一直在对中国作出各种评判和预测，归纳起来无非一种是“中国崩溃论”，一种是“中国威胁论”。随着中国的持续发展，“中
就中国外交政策和对外关系答中外记者问,2018-03-09,，但国际上也有人炒作新一轮“中国威胁论”。你如何回应上述说法？　　王毅：过去几十年，西方一直在对中国作出各种评判和预测，归纳起来无非一种是“中国崩溃论”，一种是“中国威胁论”。随着中国的持续发展，“中
希望美方摒弃过时的冷战思维,2018-03-02,地区“军事野心日益增长”。中方对美上述言论有何评论？　　华春莹回答，近期，美军方有人频频发表“中国威胁论”。我就奇怪了，美国作为世界上头号军事强国，军费总额在全球遥遥领先，比排在后面的第二至第七名加起
中国实力与道义兼具的底气（钟声）,2018-02-28,报》指出，《红海行动》向世界展现了中国海军形象和国家实力。　　与国际政治领域一些人热衷炒作的“中国威胁论”相反，那些托起《红海行动》的真实故事，让更多人看到了中国在各国人民面临共同威胁时的担当。银幕上
增强学术自信 讲清中国道路（人民要论）,2018-02-23,于不可告人的政治目的，一些西方势力习惯于透过“有色眼镜”看中国道路与中国发展，“中国崩溃论”“中国威胁论”等不绝于耳、甚嚣尘上，质疑、指责甚至攻击中国的现象此起彼伏。对此，中国学者不能熟视无睹，更不能
不断增强社会主义意识形态凝聚力引领力（深入学习贯彻习近平新时代中国特色社会主义思想）,2018-02-22,。但一些西方国家认为中国崛起是对其社会制度和价值观的挑战、对现存国际秩序的挑战，进而大肆渲染“中国威胁论”“中国称霸论”“中国不遵守国际规则论”，到处煽风点火、混淆视听。一些西方敌对势力对我实施西化、
以强海梦托起中国梦(思想纵横),2018-02-11,建设相互尊重、公平正义、合作共赢的新型国际关系，塑造中国负责任大国形象，用中国贡献论有力证伪“中国威胁论”。　　中国梦归根结底是人民的梦。建设海洋强国，实现中华民族伟大复兴，要坚持以人民为中心的发展思
外交部回应美澳“中国间谍威胁论”—— 到底谁在大范围监听他国，大家都很清楚,2018-02-02,　　本报北京2月1日电 （记者韩秉宸）外交部发言人华春莹1日在例行记者会上用“相由心生”一词回应美澳情报部门的“中国间谍威胁论”。　　据报道，美国中情局局长蓬佩奥日前在接受英国广播公司专访时称中国正在设法偷窃美国的情报，
炒作“中国军事威胁”是枉费心机,2018-01-26,的扩大列在首位。近年来类似的言论时有出现，国外媒体尤其关注中国军力的增长，有的甚至一再鼓吹“中国军事威胁论”。吴谦强调，他注意到，总有一些人和势力见不得中国的发展、看不惯中国军队的壮大，不时跳出来炒作
传承中华文化“天下观”（文论经纬）,2017-12-26,　　发掘分析中华文化天下观，目的是为全球治理贡献更多中国智慧。借此以为中国要领导世界，便渲染“中国威胁论”，恰恰是没有读懂天下观的意涵，没有把握中华文化的内质。20世纪70年代初，英国历史学家汤因比这
澳方对华认知须从事实出发(钟声),2017-12-11,族歧视色彩的歇斯底里的偏执症，玷污了澳大利亚作为多元文化社会的形象。　　事实是面照妖镜，渲染“中国威胁论”的澳大利亚媒体的荒谬属性暴露无遗。拙劣的报道不仅激起了在澳华侨华人的愤慨和抗议，而且也让很多澳
全军明年大抓军事训练,2017-12-01,习由空军具体承办。　　有记者注意到，近期外国媒体对中国军队有一些不同形式的报道和评论，有的渲染中国威胁论，有的无端指责中国从事黑客窃密。吴谦表示，不管面对怎样的喧嚣嘈杂与艰难险阻，中国军队自力更生、发
勇立时代潮头 开创外交新局（大国外交·天下）,2017-10-16,的周边外交理念，反映了求同存异、合作共赢的政治智慧，彰显了中国的大国风范和责任担当，同时也对“中国威胁论”做出了有力回击，有助于世界了解更加真实的中国。　　图片说明：　　图①：2014年11月20日，
勇立时代潮头 开创外交新局（大国外交·天下）,2017-10-16,的周边外交理念，反映了求同存异、合作共赢的政治智慧，彰显了中国的大国风范和责任担当，同时也对“中国威胁论”做出了有力回击，有助于世界了解更加真实的中国。　　图片说明：　　图①：2014年11月20日，
祝福祖国更加繁荣富强（社论）,2017-10-01,宰割的屈辱，也有过“被开除球籍”的压力，曾面对“月亮总是西方圆”的论调，也受到“中国崩溃论”“中国威胁论”的围攻。然而，今天的中国每三年的经济增量就相当于一个英国，每五年改革发展就迈上一个大台阶，仅用
主旋律更响亮 正能量更强劲（砥砺奋进的五年）,2017-09-21,构，基本覆盖全球热点地区和重要城市。　　从风光旖旎的西子湖畔，到白雪皑皑的达沃斯小镇；从驳斥“中国威胁论”，到回击“中国崩溃论”……无论是重大国际报道，还是国际舆论斗争，中国主流媒体敢于发声、善于发声
主旋律更响亮 正能量更强劲（砥砺奋进的五年）,2017-09-21,构，基本覆盖全球热点地区和重要城市。　　从风光旖旎的西子湖畔，到白雪皑皑的达沃斯小镇；从驳斥“中国威胁论”，到回击“中国崩溃论”……无论是重大国际报道，还是国际舆论斗争，中国主流媒体敢于发声、善于发声
多元文化 融通丝路民心,2017-09-20,赢、合作发展、共同繁荣的图景，那么“一带一路”的拟态环境就“好得很”；反之，媒体如果呈现的是“中国威胁论”“中国扩张论”等子虚乌有之辞，那么拟态环境就会“糟得很”。　　因此，在“一带一路”建设中，各国
日本防卫预算连年增长引警惕,2017-08-31,本与周边国家的矛盾。　　在札幌从事律师职业的猪野亨在日本著名博客网站blogos撰文称，所谓“中国威胁论”只是日方为了增加军力而进行的宣传，防卫费膨胀会挤压平民的生活，得到好处的只有军工企业。他的言论
日本应在军事安全领域慎重行事,2017-08-24,何评论？　　华春莹说，中方注意到有关报道，对此表示关切。近年来，日方不断炮制、渲染和炒作所谓“中国威胁论”。同时，不断增加自身防卫预算，扩充军备，并实施新安保法。日方的做法及其真实意图值得高度警惕。日
超越西方媒体偏见认识中国,2017-08-17,个宏大的倡议，它覆盖了全球超过65%的人口，增进了欧亚大陆间的联系。”　　“一些西方媒体鼓吹‘中国威胁论’，忽略了中国为国际社会作出的贡献。要更好地与中国合作，从中国的发展中汲取巴西发展所需要的养分，
拍摄纪录片，那些西方人爱上中国(国际视野),2017-08-11,道。　　此时的中国在世界格局中的地位已经初步展现，但中国国力给予西方国际社会的印象，还很难与“中国威胁论”产生关联。亚洲金融危机中，中国政府的表现以及此后中国经济的崛起，还有奥运会的成功举办，从经济实
日本新版《防卫白皮书》鼓吹“中国威胁论”，中方表示强烈不满和坚决反对 中国坚定不移维护领土主权和海洋权益,2017-08-10,白皮书》。新版白皮书老调重弹，再次借助海洋安全问题渲染日本周边安全保障环境“日趋严峻”，鼓吹“中国威胁论”，妄图为安倍政府延续扩张性防卫政策造势铺路、提供借口。中国外交部和国防部对此表示强烈不满和坚决
美好的中国价值观（国际论坛）,2017-06-23,共债务增加和GDP增长放缓等情况。“西方政治精英”没有探求经济陷入衰退的内在原因，而是推出了“中国威胁论”。这是为了制造反华情绪，意图将公众注意力从影响这些国家经济不景气的真正原因上转移开。中国始终保
精彩中国需要精彩讲述（评论员观察）,2017-06-16,子已经醒了，但这是一只和平的、可亲的、文明的狮子。”通过引述拿破仑的“洋典故”，既巧妙反驳了“中国威胁论”，也传递出各美其美、美美与共的中国理念。事实上，人类命运共同体、正确义利观、新型大国关系等中国
努力提高中国国际话语权（新知新觉）,2017-05-16,升，一些西方发达国家抱着冷战思维，千方百计为我国发展制造麻烦：不时制造和散布“中国崩溃论”或“中国威胁论”，有意歪曲事实，试图抹黑中国，使中国丧失国际话语权、失去国际舆论支持。面对复杂多变的国际形势，
中国国际传播的新方向新空间（新知新觉）,2017-04-18,更是向世界说明和展示中国的题中应有之义。同时，我们也要意识到，国际社会对中国还存在不少误解，“中国威胁论”“中国崩溃论”等论调总是不绝于耳。在这样复杂的形势下，我们更要集中讲好中国故事、传播好中国声音
英媒披露海军上将涉日本收买英国智库抹黑中国,2017-02-07,使馆每月向“亨利·杰克逊协会”支付1万英镑（约合1.26万美元），以帮助日本在英国制造、渲染“中国威胁论”。而韦斯特是该协会咨询委员会委员。　　《星期日泰晤士报》报道说，该协会请求韦斯特为一篇在南海问
为人类社会发展进步描绘蓝图,2017-01-18,讲将非常精彩。”日内瓦大学孔子学院外方院长金亦然在接受本报记者采访时表示，“一些西方国家鼓吹‘中国威胁论’，但各国是命运共同体，中国不是只顾自己发展的国家，愿意与其他国家共同发展，我们都需要了解这一点
拆除海外受众的“心墙”（人民时评）,2017-01-05,来没有像今天这样遇到前所未有的挑战。当中国在阔步走向世界的同时，“失语挨骂”的问题如影随形。“中国威胁论”“中国崩溃论”这些老哏也被翻来覆去炒作，境外部分媒体和有关人士不时有误解、歪曲、攻击中国的言论
争取国际话语权是我们这一代媒体人的使命（人民要论）,2016-12-29,想舆论上对我进行渗透和围攻，通过各种途径和手段混淆视听、扰乱人心，“打一场没有硝烟的战争”。“中国威胁论”“中国经济崩溃论”甚嚣尘上；对于港台问题、南海局势等，他们频频插手、混淆视听；“一带一路”建设
“中国威胁论”系西方媒体炒作,2016-12-15,西方舆论与中国社交媒体的关注与热议。这部纪录片通过访谈方式，以大量事实证明，美国媒体炒作所谓“中国威胁论”，但是真正在亚太地区“耀武扬威”并构成威胁的是美国。　　皮尔格在邮件中书面回复记者说：“西方电
让世界更好了解“理论中的中国”（人民观察）,2016-11-20,出去也面临诸多掣肘，主要表现在：出于复杂的原因，一些国外媒体和人士带着“有色眼镜”，极力鼓吹“中国威胁论”“中国崩溃论”，误导国外民众；一些研究机构在回应国际舆论对我国政策的歪曲和对我国制度的抹黑上比
理论走出去大有可为（思想纵横）,2016-11-20,外汇储备世界第一，依然是全球经济增长速度最快的国家之一。　　唱衰不了中国那就妖魔化，于是就有“中国威胁论”不时甚嚣尘上。平心而论，不管是声言中国崩溃还是渲染中国威胁，在一些西方学者和媒体矛盾而复杂的心
“中国道路”主题图书闪亮法兰克福（国际视点）,2016-10-20,该书以近600页的篇幅全面介绍了习近平的从政经历、中国梦以及“四个全面”战略布局等内容，并对“中国威胁论”“中国崩溃论”等作出了正面回应，一度排在美国亚马逊中国历史类书籍第一名和全球政治领袖类书籍第二
从杭州再出发,2016-09-02,。当中国经济在世界经济的低迷状态中逆势上扬时，一些人用疑惧的目光打量这个朝气蓬勃的后来者，“中国经济威胁论”不绝于耳。“中国如何发展？中国发展起来后将是一个什么样的国家？”　　2014年堪培拉，在澳大
从杭州再出发,2016-09-02,。当中国经济在世界经济的低迷状态中逆势上扬时，一些人用疑惧的目光打量这个朝气蓬勃的后来者，“中国经济威胁论”不绝于耳。“中国如何发展？中国发展起来后将是一个什么样的国家？”　　2014年堪培拉，在澳大
日本，否认侵略就是破坏世界和平（钟声）,2016-08-16,中，主张修宪势力赢得2/3以上议席，日本有识之士甚至开始担心“战争是否会卷土重来”。　　渲染“中国威胁论”始终是安倍政府欺骗日本民众和世界舆论，以推进修宪强军、摆脱战后体制的一面幌子。人们看到，当日本
日本政府的倒行逆施（观点）,2016-08-15,宪面临的最大障碍是“民意关”，若得不到日本大多数民众的支持就难以完成。为此，安倍政府刻意渲染“中国威胁论”，来争取民众的支持。二是转移国民视线，缓和国内矛盾。多年来日本经济处于低位徘徊状态，“安倍经济
日本应倾听邻国的正义声音（国际论坛）,2016-08-15,行使集体自卫权。然而，安倍政府不顾日本宪法第九条为了阻止日本再度发动侵略战争这一历史事实，以“中国威胁论”为借口，嘴边挂着“反省”一词，却架空了宪法第九条。没有经过修改宪法的程序而使得日本事实上可以在
日本新版《防卫白皮书》渲染“中国威胁论”,2016-08-03,强烈担忧”。关于中国的单独章节比去年多了6页，长达30页的叙述依旧延续了以往的做法，大肆渲染“中国威胁论”。除了继续鼓吹中国“军备、军费增长及其不透明性”等陈词滥调，今年更将重点放在南海问题上，无端指
临时仲裁庭所谓裁决威胁区域稳定,2016-07-25,德表示，中国的和平崛起为维护本地区的和平与稳定作出了贡献。更密切的中美关系符合两国长远利益。“中国威胁论”是不真实的，不需要“美国重返亚太”，在南海推行“亚太再平衡”战略。无论使用何种专业术语，都意味
没有什么能撼动和平正义的力量（人民时评）,2016-07-13,国的发展，却没来由地引起了一些守成国的惶恐和不安，它们以冷战思维和零和博弈来对待中国，炮制“中国威胁”的论调，视中国的和平发展为现实或“潜在”的威胁。围绕南海争端更是鼓噪不断。在菲律宾单方面诉诸国际法
“七七事变”79周年纪念集会在日本举行,2016-07-08,史教训，坚持走和平主义道路。但安倍内阁在国会意图修宪，安倍本身对于侵略战争没有正确的认识，煽动中国威胁论、宣扬所谓的“积极和平主义”、扩大军备、欺骗国民。我们期待日中友好、通过草根运动反对战争，守护和
十五、推动构建以合作共赢为核心的新型国际关系,2016-05-11,何外来压力。一些人把中国维护合理合法的国家权益说成是“咄咄逼人”、“傲慢”、“强硬”，鼓吹“中国威胁”等论调，都是站不住脚的。　　要始终把坚决维护国家主权、安全、发展利益作为外交工作的基本出发点和落脚
十一、用社会主义核心价值观凝心聚力,2016-05-05,国成功的秘诀，对我国发展道路和发展模式的理性认识逐步加深。同时，国际社会对我们的误解也不少，“中国威胁论”、“中国崩溃论”等论调不绝于耳，一些西方媒体仍然在“唱衰”中国。在这样复杂的形势下，要集中讲好
标注治国理政新高度（治国理政新思想新实践）,2016-05-03,式资本主义”等论调应声而起；当他们意识到中国不可能成为另一个“他们”时，制造出的是一波又一波“中国威胁论”“中国不确定论”“中国崩溃论”。从“西方中心”到“中国模式”，客观认识中国道路，道阻且长。　　
标注治国理政新高度（治国理政新思想新实践）,2016-05-03,式资本主义”等论调应声而起；当他们意识到中国不可能成为另一个“他们”时，制造出的是一波又一波“中国威胁论”“中国不确定论”“中国崩溃论”。从“西方中心”到“中国模式”，客观认识中国道路，道阻且长。　　
把握好政治家办报的时代要求（学习贯彻习近平同志在党的新闻舆论工作座谈会上重要讲话精神）,2016-03-21,，存在着信息流进流出的“逆差”、中国形象和西方主观印象的“反差”、软实力和硬实力的“落差”，“中国威胁论”“中国崩溃论”等奇谈怪论不时出现。我们有责任讲述好中国故事、传播好中国声音，让中国故事成为国际
学者也有讲好中国故事的责任（新知新觉）,2016-03-18,梦是和平、发展、合作、共赢的梦，我们追求的是中国人民的福祉，也是各国人民共同的福祉。”因此，“中国威胁论”是无稽之谈。当前我国倡导的“一带一路”建设，正是在共商、共建、共享原则上建立的合作共赢之路，也
“唱衰”中国只是自欺欺人（人民论坛）,2016-01-30,　　何振华　　“唱衰”中国早已不是什么新鲜事。伴随着中国的快速发展，“中国崩溃论”和“中国威胁论”交替出现，反映了某些人对中国迅速崛起的不适应。一次次落空的预言，宣告唱衰中国的论调注定要破产。　　改革
从战略层面提高国际传播话语权（热点辨析）,2016-01-12,依然处于弱势地位。在国际舆论场中，中国经常处在被描述、被建构、被压制的位置，这也是近年来各种“中国威胁论”“中国崩溃论”“劣质产品制造者论”等盛行的一个重要原因。为什么在国际传播中我们缺乏同自身国际地
提高对外传播能力（刷新见解）,2015-12-11,理中承担大国责任，以自身智慧推动国际秩序向更加公正合理的方向发展。在事实面前，“中国崩溃论”“中国威胁论”等论调越来越不得人心，而“中国价值论”即中国发展将会给区域乃至整个世界带来哪些深刻影响和变化、
“中国威胁论”背离中国发展价值取向（热点辨析）,2015-12-10,　　海克军 孟献丽　　“中国威胁论”由来已久、版本众多，其中一些观点由误解使然，但很多观点是企图以此丑化、妖魔化中国。如果任由“中国威胁论”喧嚣尘上、蛊惑人心，就有可能削弱中国和平发展在国内国际的认同
中非关系跃上新起点,2015-12-06,做的事。如果当年的殖民者们有耳朵，请他们也听听习主席的讲话。”穆加贝总统的一番话，点燃了批驳“中国威胁论”的导火索。　　肯尼亚总统肯雅塔向本报记者表示，中非关系的基础是互惠互利、合作共赢。认为中国只对
图书走出去，要聚焦当代中国经验（新语）,2015-11-12,国道路、中国模式、中国经验等重大问题上与世界理性客观地沟通和交流。2014年，人大出版社针对“中国威胁论”等观点，组织出版了“中国经验”系列丛书，清晰勾勒出中国和平发展的战略框架，有理有据地回应国际舆
深化合作伙伴关系　共建亚洲美好家园,2015-11-08,不是历史定律。中国自古倡导“强不执弱，富不侮贫”，深知“国虽大，好战必亡”的道理。一些人渲染“中国威胁论”，这或者是对中国历史文化和现实政策不了解，或者是出于一种误解和偏见，或者是有着某种不可告人的目
维护合作，离不开理解与宽容（名家笔谈）,2015-10-26,这个重要的历史时刻，日官方鲜见与受害国人民实现和解的努力，反而表现出历史认识的暧昧，有时还用“中国威胁论”转移话题。这必然刺激两国人民之间的对立情绪。　　中日两国已经耽搁了推动东亚合作的许多机会。东亚
展示开放、包容、负责任的大国形象,2015-10-25,念，积极维护世界和平与稳定，即使实力强大了，中国也没有称霸，始终倡导通过对话解决分歧，这是对‘中国威胁论’的最有力回击。”安萨尔·巴蒂表示。　　“习近平主席不仅在多个场合阐述了中国和平发展为世界带来的
中国经济仍是全球增长的动力之源,2015-09-29,持续增长的动力之源。从曾经喧嚣一时的“中国输出通缩论”到现在的“中国输出衰退论”，可以说都是“中国威胁论”的翻版，背后的意图耐人寻味。在全球化的时代，面对世界经济复苏乏力的艰巨挑战，同舟共济，携手共进
安倍政府强推安保法案受抨击,2015-09-23,危机，而且还使日本社会处于危险之中。每日新闻社前驻德国记者村田信彦在接受本报记者采访时表示，以中国威胁论这种凭空捏造的谎言为借口试图强行通过“战争法案”的手法，是日本军国主义亡灵死灰复燃。　　安倍的倒
“中国像母亲一般影响了我”,2015-09-13,改变，当然也有很多人并不担心中国的发展。于是就形成了两派观点：一派是‘中国友好论’；一派便是‘中国威胁论’，但两者都承认澳大利亚与中国的关系十分重要”。　　那么，中国政府和民众如何更为主动地提升中国的
定力决定竞争力（专题深思）,2015-09-08,多不稳定、不确定性因素；随着我国经济实力和综合国力不断增强，国外嫉妒眼光、恶意中伤逐渐增多，“中国威胁论”“中国崩溃论”不时出现。对此，我们必须保持清醒头脑，不为纷繁复杂的现象和思潮所迷惑，不为短期的
走和平发展道路的意志和担当,2015-09-07,平局面。此次中国主动裁军30万，说明中国的发展是和平的，不会对其他国家构成威胁，有力地回击了“中国威胁论”。同时，中国裁军也为其他国家做出了很好的表率，表明了中国与各国一起谋求发展、维护和平的诚意。　
“大阅兵”彰显新安全观（新论）,2015-08-28,和平共处五项原则，一直是新中国坚持的对外政策。中国不称霸、不扩张、和平发展的宣示，不仅仅是对“中国威胁论”的回应，更是一个在苦难中凤凰涅槃的民族对历史和未来的清醒认识。　　抗战大阅兵的国际性特色也说明
战后70年，尤需构筑“东方视角”（纵横·延续我们的抗战记忆）,2015-08-26,东亚的大帝国计划的一个步骤，它在朝鲜人民抵抗外来侵略的历史上占有特殊的地位。”由此可见，所谓“中国威胁论”有其历史“记忆”，但它是否真实、全面确是存疑的。要想区域合作走得稳、走得远，我们就需构筑一种历
经济效益与生态效益并重的合作模式（热点辨析）,2015-08-25,妄言“一带一路”建设将使中国掠夺性开发沿线资源，会给沿线国家带来资源枯竭和环境恶化。针对这一“中国威胁论”的新论调，中国以推进生态文明建设的理念和实践给予了有力驳斥。2013年9月，习近平同志在哈萨克
弘扬抗战精神 推进伟大事业（今天我们如何纪念抗战）,2015-08-14,、实证化的研究成果，为更好地认识和宣传抗战历史提供学术支撑。要把历史和现实有机结合起来，针对“中国威胁论”“中国扩张论”等论调，大力宣传我和平发展理念，宣传“一带一路”对于推动世界和平进步和地区繁荣发
中国道路是和平发展之路,2015-08-07,的目光更加聚焦中国，当各方面人们从各自角度出发议论中国快速发展对当今世界是威胁还是机遇，而且“中国威胁论”和“中国崩溃论”均有一定市场的情况下，中国共产党和中国政府继续以鲜明的立场和态度向全世界郑重宣
日本　讽刺安保法案视频受热捧,2015-07-31,持率纷纷创下再次出任首相以来的历史新低与新高。安倍内阁为了使安保法案能获得民众的支持，开始煽动中国威胁论。　　共同社副评论委员长森保裕7月29日公开刊文指出，安倍内阁要通过《防卫白皮书》，把中国作为“
炒作“中国威胁论”站不住脚（钟声）,2015-07-30,　　安倍政府炒作“中国威胁论”完全是居心叵测，日本突破战后体制、寻求军事抬头才是地区和平真正的威胁　　7月28日，日本首相安倍晋三在参议院和平安全法制特别委员会上指责中国开发东海油气田。几天前，日本外
打造中国特色新型智库（人民要论）,2015-07-28,的成就，但也面临诸多严峻挑战。新型智库的科研工作应把握深刻变化的国际国内形势，理性看待和回应“中国威胁论”“中国崩溃论”“中国责任论”等论调，以中国话语解读中国道路和中国奇迹，进一步增强人们的道路自信
“一个知识分子对21世纪的思考”（书海撷珍）,2015-07-09,论”打转，等到中国安然度过亚洲金融危机，这波舆论明显退潮。21世纪头10年，西方媒体的焦点是“中国威胁论”，即中国是否会和平崛起，美能否坐视中国坐大，中美战略摊牌是否难以避免等。随着中美经济依存日益紧
把握对外传播的时代新要求（深入学习贯彻习近平同志系列重要讲话精神）,2015-07-01,注也有猜疑，有误读也有误导。之所以如此，有文化差异的原因，也有意识形态的较量。一段时间以来，“中国威胁论”“中国强硬论”“中国傲慢论”“中国掠夺论”“中国不负责任论”“中国搭便车论”“中国崩溃论”等论
对话·互信·合作，构建中美新型大国关系（权威论坛）,2015-06-23,，中美关系才能避免受到大的干扰，才能持续健康稳定地向前发展。　　美国国内出现各种论调，无论是“中国威胁论”“中国崩溃论”，还是主张要对中国进行遏制，都是错误的。中国不会崩溃，而是会继续保持繁荣、稳定、
生意背后的中国情怀,2015-06-18,华商的序幕；2001年，中国进入世贸组织，有更多的中国商人加入到海外贸易的大潮中；近些年来，“中国威胁论”起起伏伏，中国商人也在某些时候被塑造成“闯入者”的形象。　　“我们特别想看一看，一桩桩生意背后
中国道路是复兴中华文明的正确道路(中国道路何以自信),2015-05-15,道路实现中华文明复兴，也将给人类文明未来发展作出积极贡献。近些年来，国外经常会出现中国崩溃论或中国威胁论，这实际上是用西方资本主义扩张的强权逻辑来看待中国崛起；甚至说，这是将人类文明等同于西方文明、将
希望美方客观、理性看待中国军事发展,2015-05-11,此类报告。　　有记者问：美国国防部日前发表2015年度《涉华军事与安全发展报告》，继续渲染“中国军事威胁论和军力不透明”的基调，对中国提升军力表示关注，并称中国在南海有关行动造成地区局势不稳。你对此有
西方为何一再曲解中国（热点辨析）,2015-04-29,隔一段时间就会在英语学术期刊和新媒体中出现。其实，不只是“中国崩溃论”，像“中国不守规则论”“中国威胁论”等，在英语学术界和舆论界也是交替出现的。这里需要研究的是，以美国为主要代表的西方为何一再曲解中
国强未必霸（热点辨析）,2015-04-15,社会制度缺乏了解，国际上有些人开始担心我国会走西方国家国强必霸的老路；也有一些别有用心的人抛出中国威胁论、中国制造紧张等论调，想使我国背上霸权崛起包袱，以阻挠我国和平发展。事实上，中国人民爱好和平，始
中国大国外交的机遇与挑战（两会e客厅）,2015-03-15,和平外交政策以及安全政策作出一些说明，要求日方客观认识和理性对待中国发展，不要再去渲染或制造“中国威胁论”。同时，我们会对日方一些军事政策的调整提出我们的关切，敦促日方坚持和平发展。　　今年1月，中日
全球局势加剧美国安全担忧（国际视点）,2015-02-02,不能忽视中俄，甚至可以同时与这两个国家合作，“我们要了解中国，与中国对话。”但有军方人士重弹“中国威胁论”的滥调。基恩称，美国应发展与其盟友的区域战略来限制中国。　　法伦认为，必须保持和发展美中两国合
博学广识  富有魅力（风采篇）,2014-12-26,，中国展开了亲近当地民众的魅力攻势。”他特别提到，习主席在首尔大学的演讲充分展现亲民魅力，使“中国威胁论”不攻自破。“好邻居金不换”这句话形象描绘了韩中友好关系，深得人心。　　韩国外国语大学全球安全合
文化交流当成领头雁（观点）,2014-11-27,。但一些俄罗斯人对中国历史文化知之甚少，加上经贸合作中偶尔出现的问题和西方的渲染，便不时炒作“中国威胁论”。为此，我曾在媒体发表《黄色威胁：无中生有》《爱上中国龙》等数篇文章，进行释疑解惑。我认为，中
谁都不能对非中友好说三道四（国际论坛）,2014-10-24,　　肯尼思·卡翁达　　中国是全非洲伟大的朋友，慷慨的朋友，全天候的朋友。中国的帮助实实在在，那些散布中国威胁论的人都是在欺骗自己　　今年是赞比亚与中国建交50周年，赞中关系从一开始就拥有非常坚实的基础。当时
中国的发展是世界之福（国际论坛）,2014-10-10,来越多的国家体会到了中国的诚意，愿意与中国加强合作，这些现象有利于维护地区的稳定与繁荣，也让“中国威胁论”的说法不攻自破。作为中国的全天候战略合作伙伴，巴基斯坦乐见一个强大的中国，也坚信一个繁荣、富强
书写“世界粮食传奇”(国际论坛),2014-10-09,见。上世纪90年代，美国学者莱斯特·布朗著书《谁来养活中国》，一度让“中国粮食威胁论”甚嚣尘上。今年，布朗再次重谈“中国粮食威胁论”，妄断“中国抢粮论”，实在缺乏说服力。　　事实胜于雄辩。中国通过自主
以积极正面心态看中国（钟声·澄清不实之词 客观认识中国（4））,2014-10-08,机构，要推翻已有的国际和地区金融秩序。　　凡此种种危言耸听的论调，充斥着疑虑和偏见，本质上是“中国威胁论”的最新翻版，没什么新花样。中国这些年发展得好，一个重要的制度优势就是我们总能从大处着眼，从多数
从世界看中国  从中国看世界,2014-09-18,短期来看，这些问题会存在，但最终都将在发展中被解决。　　记者：随着中国的崛起，一些国家提出了“中国威胁论”，与之相对也有“中国机遇论”，您如何看待？　　罗思义：我以为，中国经济的发展一直以来、并将持续
“好邻居金不换”,2014-08-23,同存异、合作共赢的政治智慧，表明了中国的大国风范和责任担当，突出了“亲、诚、惠、容”的理念，对中国威胁论做出了有力回击，有助于世界了解更加真实的中国。　　新加坡南洋理工大学拉惹勒南国际关系学院高级访问
深刻认识一战爆发原因和影响,2014-08-08,大国宣扬的“人权高于主权”就为西方国家武力干涉发展中国家内政提供了理论依据。近年来不断翻新的“中国威胁论”，也是意在围堵中国，阻碍中国和平发展。我们对这些错误理论要进行揭露和批判，从历史发展角度深刻阐
日本2014年版《防卫白皮书》居心叵测,2014-08-06,附属岛屿）周边领海的次数”等，显示出日本有意通过白皮书欺瞒和误导日本国内外舆论，恶意大肆炒作“中国威胁论”，从而为安倍内阁实现军事野心提供借口。　　日本时事通讯社5日称，白皮书中随处可见对中国活动表示
安倍内阁伎俩被更多日本民众识破,2014-07-29,中所接触到的各行各业人士大都表示，并未感受到安倍经济学的效果。　　安倍内阁不择手段鼓吹和煽动“中国威胁论”、伺机发展日本军事力量的伎俩瞒得了一时，却瞒不了一世。越来越多的日本人已经看穿了安倍安保政策的
让和平永驻人间,2014-07-28,则有心，利用国际舆论对和平的期盼，将对战争的担忧与矛盾的焦点引向了中国。“一战重演论”正成为“中国威胁论”的又一个翻版。　　百年一战，百年沧桑。当前世界战略格局、力量对比和国际秩序较之百年前已全然不同
让和平永驻人间,2014-07-28,则有心，利用国际舆论对和平的期盼，将对战争的担忧与矛盾的焦点引向了中国。“一战重演论”正成为“中国威胁论”的又一个翻版。　　百年一战，百年沧桑。当前世界战略格局、力量对比和国际秩序较之百年前已全然不同
金砖国家合作从概念向实体迈进,2014-07-27,定，意味着平均的股权和投票权分配。这一安排维护了金砖国家合作的平等性原则，粉碎了西方媒体借用“中国威胁论”质疑金砖国家合作的论调，也为中国具有道义感召力的大国形象加分不少。　　（本报记者刘睿、陈丽丹、
十、建立新型国际关系,2014-07-15,何外来压力。一些人把中国维护合理合法的国家权益说成是“咄咄逼人”、“傲慢”、“强硬”，鼓吹“中国威胁”等论调，都是站不住脚的。　　要始终把坚决维护国家主权、安全、发展利益作为外交工作的基本出发点和落脚
捍卫和平正义 铭记历史警示,2014-07-09,现实意义的。随着中国的崛起，有不少人按“国强必霸”的旧逻辑来看待中国，他们有意或无意到处宣扬“中国威胁论”。在这样的形势下，强调和平发展的国家战略表明了中国热爱和平，坚决走和平发展道路的决心。　　（本报莫斯科、柏林、首尔、东京7月8日电
“好邻居金不换”,2014-07-06,。习主席访韩把中国梦和韩国梦连接在了一起。习主席在韩国首尔大学演讲充分表现出他的亲民魅力，使“中国威胁论”不攻自破。“百金买屋，千金买邻，好邻居金不换”，这句话形象地描绘了中韩两国的友好关系。这次面向
日本解禁集体自卫权意欲何为（钟声）,2014-07-02,孜不倦的和平追求和快速发展给世界带来实实在在的机遇，这是任何人都无法抹杀的事实。日本生拼硬造“中国威胁论”，不过是掩耳盗铃的自我暴露。　　其次，安倍晋三在国际场合反复兜售所谓“积极和平主义”，不时抛出
用社会主义核心价值观构筑共有精神家园,2014-06-19,导并高举和平、发展、合作、共赢的旗帜，成为维护世界和平的重要力量。然而，一些西方国家不断散布“中国威胁论”“中国崩溃论”，甚至不惜制造事端、设置障碍，千方百计压缩我国发展空间，扰乱我国发展进程，企图按
外交部发言人答记者问,2014-06-07,指责。　　有记者问，美国国防部日前发表2014年度《涉华军事与安全发展报告》，延续去年渲染“中国军事威胁论和军力不透明”的基调，对中国提升军力表示关注，并称将促使中国提高军事透明度。你对此有何评论？　
和平共处五项原则历久弥新（权威论坛）,2014-05-29,世界大国中唯一没有实现国家完全统一的国家。近几年来，岛屿主权、海洋权益也面临挑战，各种版本的“中国威胁论”甚嚣尘上，西方有些国家运用民主、人权、舆论自由等对我国内政进行干涉，有些西方国家对“三股势力”
做好新形势下舆论引导工作的科学指南（深入学习贯彻习近平同志系列重要讲话精神）,2014-05-28,内挑毛病多的情况，没有一碗水端平。在世界舆论格局中，依然是“西强我弱”，西方一些媒体一会儿是“中国威胁论”，一会儿是“中国崩溃论”，报道十分片面。做好舆论引导，就是要纠正西方的舆论偏见，廓清他们的舆论
世界最大网络窃密者“贼喊捉贼”（国际视点）,2014-05-22,口主动发起攻击，可转移视线、抵消自身的负面影响。本质上，这与美国每年借助《中国军力报告》渲染“中国威胁论”如出一辙。　　美国所作所为是对中国进行网络犯罪　　在网络安全领域，美国一向劣迹斑斑，堪称是世界
警惕日本政治右倾化思潮泛滥,2014-05-22,世纪以来，日本的极端民族主义有了新的变化，即在网络上频现直接攻击中国、韩国的内容，制造和渲染“中国威胁论”。同时，日本政府出台了“国歌国旗法案”等一系列具有民族主义色彩的法案和政策，导致日本政治右倾化
农业部驳斥“中国粮食威胁论” 中国有能力养活自己,2014-05-22,国”话题，称中国粮食进口急剧增加、结构性粮食缺口继续拉大、中国加快在国际上“抢粮”等，炒作“中国粮食威胁论”。　　中国能否养活自己？中国是否在国际上“抢粮”？记者就此问题采访了农业部总经济师、新闻发言
全力打造新型国际经济合作银行,2014-05-20,《时代》周刊所说，一个“中国时刻”正在到来。但是，中国的成功也引起一些人和国家的戒心与疑虑，“中国威胁论”“中国新殖民主义论”等质疑中国发展和对外交往的声音始终不绝于耳。这些言论所形成的潜移默化的后果
向世界传递中国和平发展的正能量,2014-05-17,、珍视友谊、崇尚和谐。“中国人民和非洲人民是伟大的朋友，中非之间的友谊永恒。一些西方国家提出‘中国威胁论’并试图丑化中国形象，这是徒劳的。”　　南非约翰内斯堡市议会多数党领袖办公室研究员卡拉波·拉马胡
在中国国际友好大会暨中国人民对外友好协会成立60周年纪念活动上的讲话,2014-05-16,　这些年来，随着中国快速发展，国际上有些人担心中国会走“国强必霸”的路子，一些人提出了所谓的“中国威胁论”。有这样的看法和想法，大多数人是由于认知上的误读，当然也有少数人是出于一种根深蒂固的偏见。　　
安倍外交政策再遭抨击,2014-05-15,邻国感情，甚至借各种外交场合围堵中国。尽管安倍抓住一切机会宣扬日本的“民主自由价值观”，鼓吹“中国威胁论”，但损害的却是日本自身的国际形象。　　英国广播公司的舆论调查显示，日本的国际形象在过去一年里有
多维视角看中国(钟声·学习习近平主席访欧阐述的重要外交理念（6）),2014-05-12,但这是一只和平的、可亲的、文明的狮子……在欧洲访问期间，习近平主席用生动的比喻，巧妙地驳斥了“中国威胁论”。 爱好和平、文明可亲的中国“醒狮”形象，在欧洲赢得一片喝彩，同时也向世界提出正确认识中国这一
抹黑中国，安倍言论暴露险恶用心（国际视点）（——国际社会谴责安倍恶意宣扬“中国威胁论”）,2014-05-09,政权的修宪企图。　　人民视觉　　日本首相安倍晋三日前在北约理事会发表演讲，极力炒作、恶意宣扬“中国威胁论”，引发国际舆论强烈批评。美国哈佛大学教授约瑟夫·奈批评安倍用“民族主义”外套包装军事政策。最近
小丑表演折射安倍内心焦虑（国际论坛）,2014-05-09,日本首相安倍晋三总是打着“积极和平主义”旗号，加紧推进修宪扩军，同时忙着在国际上到处恶意宣扬“中国威胁论”，抹黑中国、攻击中国。5月6日，他在北约理事会上发表演讲称，“中国的对外姿态和军事活动令人担忧
“中国模式”：确定性与开放性的辩证统一,2014-05-08,之士所重视。　　“中国模式”是和平发展的模式，中国不会走国强必霸的发展之路。西方一些学者鼓吹“中国威胁论”“国强必霸论”，恐怕主要是基于500年来西方列强崛起的历史逻辑，这个逻辑不能套用于中国。解读“
文化传播须破除“认知逆差”（文化世象）,2014-05-01,国作为世界第二大经济体的国际地位。另一方面，伴随中国的发展，各种误读和误解，扭曲甚至妖魔化的“中国威胁论”声音此起彼伏，打破“认知逆差”，向世界展示一个真实的、现代的、多元的中国形象，中华文化堪当重任
中国的贡献有目共睹（国际论坛）,2014-04-30,和大国的相互沟通、增强互信、减少战略误判。新加坡南洋理工大学亚洲研究所所长陈光炎表示，有人说“中国威胁论”，但他认为更应该强调的是“中国贡献论”。　　以共赢来减少冲突、以协调来强化和谐、遵守道义和地区
双轮驱动，中拉互利共赢（观点）,2014-04-15,　　吴洪英　　近年来，随着中国商品行销拉美市场，中国企业奔赴拉美投资设厂，中国公民前往拉美旅游观光，一些西方媒体和人士大肆炒作“中国经济威胁论”“新殖民主义”，有的西方学者甚至耸人听闻地称“拉美正在变成中国的后院”。显然，这些言论和观点
“贝宁农民找到了致富的法宝”（第一现场）,2014-04-08,农民胡埃胡表示：“我是个农民，只知道用事实说话，中国人对我们长期无私的帮助和真诚的合作，是对‘中国威胁论’和所谓‘新殖民主义’的最有力的回击。” 贝宁国家农业科学研究院专家埃布埃西的话说得更为形象：“
一桥飞架中欧,2014-04-03,，滴水穿石。”　　他说到“盲人摸象”：“看中国，不能只看一个点、一个面，切忌盲人摸象。”“对‘中国威胁论’、‘中国衰落论’这样的说法，要抱着一种平常心，一种宽阔的胸怀，一种开放理解的态度来对待。”　　
“早一天找到飞机比什么都重要”,2014-04-03,侨华人聚居最多的国家之一，在上世纪90年代中期，有些国家炒作‘中国威胁论’时，时任马来西亚首相马哈蒂尔多次在国际场合公开驳斥‘中国威胁论’。考虑到这些，我觉得我们要结合历史来看待这个国家。”　　吉林长
富强中国说（思想纵横）,2014-03-18,　　近年来，随着我国发展脚步加快和实力增强，西方社会关于我国发展前景的两种论调也在滋长：一曰“中国威胁论”，二曰“中国崩溃论”。其实，详审中国特色社会主义的核心价值取向，细考中华民族的文化传统、现实状
核心价值观可以“谐天下”（新论）,2014-02-20,摸着石头过河，外靠搭全球化便车，缺乏自身的价值观，因而这种成功具有偶然性、不可持续性，由此滋生中国威胁论、中国责任论、中国强硬论等种种言论。因此，必须讲清楚中国成功故事背后的价值根源。　　中国的和平发
荒唐的“类比”是份反面教材（钟声）,2014-02-14,德国。　　这种煞有介事的类比着实荒唐。安倍与阿基诺以这种卑劣手法抹黑中国形象，意在鼓噪新一轮“中国威胁论”。日本和菲律宾费力吆喝，无非是想把水搅浑，进而为自己拉几个同盟军。让自作聪明的“策划者”失望的
严防安倍激活日本军国主义（钟声）,2014-02-13,先事务。　　编造“自危”借口扩充军力。安倍射出“安保三箭”，增加国防预算、扩充军备，无端散布“中国威胁论”，高调上演“夺岛演习”。对于这一系列行动，英国《星期日泰晤士报》的评论一针见血：“战争幽灵一直
世界和平力量有责任阻止安倍胡来（钟声）,2014-01-03,"否认慰安妇、南京大屠杀等罪恶历史；强行通过“保密法案”,射出“安保三箭”，增加国防预算、扩充军备；无端散布“中国威胁论”，高调上演“夺岛演习”……执政一年来，安倍一系列狂妄举动与岸信介等老一代右翼政客相比有过之而无"
安倍在历史问题上“抓狂”（钟声）,2013-12-31,一”“日中经贸关系密不可分”“（日中两国）应举行外长级、首脑级会谈”……紧随这些“示好”的，是中国威胁论、中国蓄意制造地区紧张、中国试图改变亚洲安全格局，需要构筑价值观联盟对抗中国等恶言。安倍实在是国
安倍为挣脱和平宪法迭出歪招,2013-12-18,要摆脱战后体制，做“正常国家”，就必须重整军备，加强武力，而要实现这个目的，最方便的借口就是“中国威胁论”。这将使东海失去安宁，亚太也将失去和平。
建设中国特色经济学是历史使命（学科走向）,2013-12-08,到户，都与科斯毫不相干，谈何影响！再联系我国改革开放发展起来后，西方怀有敌意者噪音不断，如鼓吹中国“威胁论”、“崩溃论”，甚至有的主张对中国实施“‘屠龙’战略论”等。可想而知，西方的热情根本不可能放在
日本要修改教科书审定标准(国际视点),2013-11-20,从源头上开始“兜售”和渗透其右倾思想。　　日本右翼势力若想在国内顺利推行民族保守主义政策，扩散中国威胁论和周边环境严峻等荒谬言论，就必须有广大的拥护群体。而否认历史、修改教科书、改造下一代的思想，已成
日本把中国当对手是打错算盘,2013-11-12,　　本报北京１１月１１日电 （记者王远）外交部发言人秦刚１１日在北京表示，中方对日本领导人公然渲染“中国威胁论”表示不满，如果日本非把中国当作对手，那是选错了对象，打错了算盘，没有出路。　　在当天的例行记者
在大变动中书写大文章(名家笔谈),2013-11-05,是，中国会坚持和平崛起的发展道路，这不是外交辞令，而是历史方向，因为，坚持“和平”就是要破解“中国威胁论”，实现“发展”就是要证明“中国崩溃论”缺乏根据。打破“国强必霸”的旧逻辑，既是中国的战略选择，
中国梦为世界梦注入正能量,2013-10-31,上国”地位，在周边地区重建“朝贡秩序”。本质上讲，这一论调与“霸权梦”、“强权梦”一样，也是“中国威胁论”的变种，更侧重渲染中国对周边国家的所谓“威胁”。除去政治因素不谈，这些说法显然缺乏对中国人历史
韩国谴责日本欲解禁集体自卫权,2013-10-30,禁集体自卫权一事，韩国执政党新国家党国会发言人洪志晩29日发表书面声明称，日本首相安倍晋三以“中国威胁论”为借口，主张日本应夺取亚太地区主导权，其目的是想宣传解禁集体自卫权等军事再武装行为的正当性。日
第二十三届中国新闻奖获奖作品目录,2013-10-27,送单位：中国广电协会　首发日期：9.18　　奖次：三等奖　项目：国际传播　题目：圣诞老人与“中国军事威胁论”　作者（主创人员）：吕德胜　编辑：于春光　刊播单位：解放军报　报送单位：解放军总政宣传局　首发日期：9
第二十三届中国新闻奖获奖作品目录,2013-10-27,送单位：中国广电协会　首发日期：9.18　　奖次：三等奖　项目：国际传播　题目：圣诞老人与“中国军事威胁论”　作者（主创人员）：吕德胜　编辑：于春光　刊播单位：解放军报　报送单位：解放军总政宣传局　首发日期：9
建设原油期货市场　推进原油流通体系市场化改革,2013-10-08,还缺乏透明度，中国政府有关部门发布的石油消费、进出口数据会成为国际炒家炒作国际油价的因素，“中国能源威胁论”也经常成为美欧媒体攻击我国能源“走出去”的口实。　　虽然中国已经是国际石油市场的重要净进口国
危险的安倍式“请便吧”（钟声）,2013-09-27,常危险的动向”。　　演讲中，安倍企图用日本防卫费仅是中国军费一半、防卫费增长率低于中国来渲染“中国威胁论”。何等荒诞的逻辑！如果仅仅根据军费多少来断定对世界的威胁程度，头把交椅岂非美国莫属？　　中国坚
国际舆论严词批驳安倍右翼言论,2013-09-27,信息很明确：日本不再把战争排除在外。　　日本每日新闻社前驻德国记者村田信彦表示，安倍固执于以“中国威胁论”为前提的“集体自卫权行使”，是一种愚蠢而危险的妄想。　　美国斯坦福大学肖伦斯坦亚太研究中心副主
中美努力构建新型军事关系（权威论坛）,2013-09-26,。中美两军关系对维护全球战略稳定的意义与日俱增　　李水生：随着中国实力更加接近美国，美国国内“中国威胁论”的声音也在增大，但美国军方对发展两军关系总体持积极态度。从2010年开始，美国国防部每年发布的
牢牢掌握舆论工作主动权,2013-09-04,到社会主义中国发展强大，将西化分化和“颜色革命”矛头对准我国，运用其强大的传播能力，大肆鼓吹“中国威胁论”“中国崩溃论”等，对我们党和国家造谣攻击丑化，极大地损害了我国家利益和国家形象。这再次提醒我们
中国和平发展道路与世界的和平发展,2013-08-26,持走和平发展道路？世界上一些人总是喜欢以历史上“国强必霸”的西方逻辑，捕风捉影，抹黑中国，渲染中国威胁论，干扰中国的发展。这个问题关系到中国的国际形象，不能不回答。　　“要跟上时代前进步伐，就不能身体
控制改革成本  扩大改革红利（热点研究）,2013-08-08,引起巨大反响，友好者赞叹为和平发展的东方奇迹，中国是推动世界经济发展的新引擎；不友好者则抛出“中国威胁论”甚至“中国崩溃论”，但这也从侧面反映了我国经济快速发展的影响力和震撼力。如果要概括我国取得巨大
中国经验传非洲（中国梦·赤子心）,2013-08-06,凉　　他把中国的乡镇企业模式、劳动密集型外包企业和计划生育政策等介绍给尼日利亚决策层，还用亲身经历批驳“中国威胁非洲”论调　　2010年，在海外求学谋生10余载的侯振博从上千名竞聘者中脱颖而出，被英国海外发展研究
安倍远交近攻难取实效,2013-07-28,行来看，此次东南亚三国之行还是一手推“经济外交”、一手搞“价值观外交”。　　主打经济牌，扩散“中国威胁论”　　日本内阁官房长官菅义伟在介绍安倍此次出访目的时称，“东盟各国的经济增长极为显著，此次出访的
日本竭力为扩军找借口（国际视点）,2013-07-10,保防卫费用等相关问题的讨论。　　倒打一耙鼓噪“中国威胁论”　　此间分析人士称，这份长达434页的白皮书用20页专门介绍中国相关情况，大肆鼓吹“中国威胁论”，以此凸显中国是日本安保环境进一步严峻的重要因
美国发布《涉华军事与安全发展报告》,2013-05-08,交中国军力报告。对此，中国外交部发言人华春莹在7日下午举行的例行记者会上表示，这份报告散布“中国军事威胁论”，中方已向美方提出交涉。华春莹说，中国始终不渝走和平发展道路，奉行防御性国防政策，是维护亚太
抹黑中国难掩“黑客帝国”恶行,2013-05-08,统所遭受的部分攻击的源头，直接指向中国政府和军队。　　去年以来，美研究机构、媒体、企业炒作“中国网络威胁论”的噪音不绝于耳，美国设置投资和贸易壁垒、抹黑中国形象和破坏中国发展环境的意图暴露无遗。　　美
美国，少拿“国家安全”当幌子,2013-05-03,国对美出口和投资，背后关键原因不外乎两点：一是借中国企业对美出口和投资等事项炒作“中国威胁论”。形形色色的“中国威胁论”在美国根深蒂固，容易得到一些舆论认可，且政治成本低，甚至还可在政治上得分。二是打
美国正在打造“黑客帝国”,2013-03-25,　最近，美国媒体假借一家网络安全咨询公司的报告，炒作所谓“中国军方参与黑客攻击”。这种网络版“中国威胁论”，既不专业，也毫无根据，不值一驳。倒是美国在网络攻防方面的“努力”，尤需爱好和平的国家和人民高
每个人都是“中国梦”的使者（中国道路中国梦）,2013-03-22,被西方殖民的文明型国家崛起，是既要复兴古老文明，又要实践社会主义的崛起。故此，各种来自西方的“中国威胁论”粉墨登场。怎样以国际语言阐释“中国梦”，让外国政府和民众对中国诉求、中国期盼畅然释怀，是中国公
别把网络当战场  切勿损人又害己,2013-02-27,"为完善的机制。令人遗憾的是,美国媒体和一些人士对此选择性失明。　　就本质而言，和形形色色的各类中国威胁论一样，中国黑客威胁论也是美国一些人士“妖魔化”中国图谋的一部分。处于全球互联网中心地位的美国，理"
阻遏网络战，美国负首要责任,2013-02-07,有偶，就在美国半遮半掩地公开其网络战计划的同时，美国一些媒体也开始捕风捉影，大肆炒作所谓的“中国网络威胁论”，无端地向中国泼脏水。类似这种贼喊抓贼的巧合并不是第一次，估计也不会是最后一次，目的就是人为
今年外贸增速将争取与GDP同步,2013-01-17,我国本身的粮食安全造成影响？　　“中国粮食进口去年增加是客观事实。但因为中国粮食进口增加就说中国粮食威胁论，或者说造成中国粮食不安全，是缺乏依据的。”沈丹阳表示。　　沈丹阳分析，粮食进口比较快的原因主
读“蓝厅热词”  把脉中国外交（权威论坛）,2013-01-04,的，同时也是有底线的　　一些人给中国维护合理合法的国家利益的行动扣上“强硬”的帽子，甚至鼓吹“中国威胁论”，这或者是别有用心，或者是不了解事实。中国将始终不渝走和平发展道路，也将坚决维护国家主权、安全
客观认识中国的发展及其影响,2012-12-26,争相报道。　　报告的推出及其相关内容客观上可能会在国际上助长“中国责任论”、“中国崩溃论”、“中国威胁论”等错误论调。为此，有必要在此澄清一些基本的事实，让世界认识一个真实的中国。　　一、中国仍然是世
重要战略机遇期的变化及应对（学习十八大报告　贯彻十八大精神）,2012-12-18,产业革命在给我们带来机遇的同时也带来挑战。四是随着我国综合国力不断增强和国际影响力逐步扩大，“中国威胁论”甚嚣尘上，一些国家对我国的疑虑增加。我国发展面临的外部环境特别是周边环境严峻复杂，出现不少干扰
中国特色公共外交大有可为(高举和平、发展、合作、共赢的旗帜),2012-12-12,论秩序不公正不合理，国际上对华偏见、误解、疑虑仍然存在，一些人对中国的快速发展不适应不舒服，“中国威胁论”、“中国责任论”、“中国强硬论”、“中国崩溃论”等不时翻新花样。　　在经济全球化和社会信息化时
用合作正能量打造中美关系新局面（专家对谈）,2012-11-20,还不够。如果这些亚洲国家真的面临这个选择，每个人都是输家。　　欧伦斯（美中全国委员会主席）：“中国威胁论”以中国为假想敌，美国因为这种臆想而失去了不计其数的经济和战略合作机会。美国固然应该恪守盟友条约
在世界舞台彰显“责任大国”（畅怀）,2012-11-13,和平与发展的不懈追求。　　谁来养活中国？中国会不会称霸？伴随着“东方睡狮”的苏醒，各种版本的“中国威胁论”不绝于耳。与此同时，越来越多的人在谈论中国贡献、中国机遇。以和平的方式实现经济的起飞，在转型中
时代潮流：中国进步与世界发展,2012-11-05,新引擎，也增强了中国发展的内在动力。　　在碰撞中提升认识，在砥砺中收获自信——　　十年间，从“中国威胁论”到“中国崩溃论”，无论是“捧杀”还是“棒杀”，各种围绕中国的断言推测如花开花谢。用勇气和智慧敞
一个重新定义中国形象的时代（艺坛走笔）,2012-10-14,夸张甚至荒诞的作品，要么预言中国的整体分解，要么演绎始终自相矛盾、连不少英语读者也难以相信的“中国威胁论”和“中国纸龙论”。就文化方面而言，大大小小的偏见在历史上、现实中同样俯拾皆是。在18—19世纪
少拿“军备竞赛”和中国说事（国际论坛）,2012-09-29,深感振奋、欢欣鼓舞，世界各国普遍予以理解。不过，也有一些境外媒体反应复杂，借此事炒作新一轮“中国军事威胁论”意图明显。　　航母问世已近一个世纪。中国是世界上第十个、安理会常任理事国中最后一个拥有航母的
盛世治水  润泽神州（跨越·十年）,2012-09-20,…发达国家200多年工业化过程中分阶段出现的水问题，在我国现阶段集中显现。国际上甚至有人喊出“中国水威胁论”，中国的水资源能否支撑经济社会快速发展？　　以水资源可持续利用支撑经济社会可持续发展，水利重
美 国　扩张亚洲反导网言行不一,2012-08-25,区军事活动的重要支撑有其战略需求。随着中国综合实力的提升，日本感到自身地位受到威胁，一直在渲染中国威胁论，声称可能面临着中国不对称的导弹优势，因此需要借助美国的力量在岛屿争端等议题中顶住中国压力，因而
日本发布2012版《防卫白皮书》,2012-08-01,的防卫白皮书和采取的对外政策是一脉相承的。一是继续将中国视作安全防范的主要对象，试图通过鼓吹“中国威胁论”，与其他国家一道遏制中国崛起。二是继续按照动态威慑战略的要求，发展机动防卫能力及其运用水平，增
推动中非关系更好更快发展（社论）,2012-07-21,，国际社会更加关注中国奉行什么样的对外政策、什么样的对非政策。一些对中国抱有偏见的势力，炮制“中国威胁论”、“中国新殖民主义论”等不实论调，诋毁中国对非政策，挑拨中非友好合作。本届部长会的成功召开让这
崛起十年　中国贡献（科学发展　成就辉煌·特稿）,2012-07-16,不平衡问题依然突出……　　经济全球化时代的跋浪而行，必然躲不开国际关系种种漩涡和暗礁的挑战。“中国威胁论”、“中国责任论”、“中国崩溃论”、“中国无用论”——各色鼓噪不时袭来，显示出国际上的不了解、不
崛起十年　中国贡献（科学发展　成就辉煌·特稿）,2012-07-16,不平衡问题依然突出……　　经济全球化时代的跋浪而行，必然躲不开国际关系种种漩涡和暗礁的挑战。“中国威胁论”、“中国责任论”、“中国崩溃论”、“中国无用论”——各色鼓噪不时袭来，显示出国际上的不了解、不
交流发展谋双赢,2012-07-13,设等方面开展合作，坦方希望能在这一过程中学习到更多中国的成功经验。姆卡帕还对“中国威胁论”进行了驳斥。他说，“中国威胁论”非常荒谬，中国政府坚定奉行不干涉别国内政政策，在对坦桑尼亚进行援建的过程中从没
中美公众彼此重视与猜忌并存(国际视点),2012-06-29,降到2012年的47%；意见领袖从2007年的62%降到55%。　　值得注意的是，调查发现，“中国威胁论”在美国公众特别是商界精英和意见领袖中仍很有市场。对于中国军力增长，80%以上的商业精英和意见领
推动中俄友好合作迈上新台阶（国际论坛）,2012-06-05,尊互信、和谐相处、互利共赢的新型大国关系模式，以两国关系发展的不争事实，彻底击溃了形形色色的“中国威胁论”和“俄罗斯威胁论”。随着中俄各自经济发展和两国务实合作不断深入，双方得天独厚的互补优势日益显现
面向未来  充满期望(权威论坛),2012-05-29,合作关系发展的天地更加广阔了，中阿双方都在积极争取和平崛起，摸索适合本国发展的模式和道路。在“中国威胁论”、“文明的冲突”和“伊斯兰威胁论”等不实和污蔑之词面前，中阿人文领域的交流更显重要，双方仍将坚
中方坚决反对美国众议院鼓吹对台军售,2012-05-22,发展问题，鼓吹美国向台湾售武。中方对此坚决反对。洪磊强调，中国坚持走和平发展道路，一些人炒作“中国威胁论”完全是毫无根据和不负责任之举。鼓吹向台湾售武更是严重违反一个中国政策和中美三个联合公报，严重干
冷战思维下的美国涉华动作(国际论坛),2012-05-21,经济间谍活动中，中国“最为活跃”，成为对美国经济安全不断增长的“威胁”。　　在多种“中国威胁论”中，中国“网络威胁论”近年来在美国大行其道，但一经刨根问底，其论据纯属子虚乌有。就在这份报告出炉前不久，
外交部发言人答记者问,2012-05-20,安全发展报告》答问时说，美国国防部发表的这份报告，对中国正当、正常的国防建设说三道四，散布“中国军事威胁论”。我们对此坚决反对，已向美方提出交涉。　　他说，中国坚定不移地走和平发展道路，奉行防御性国防
勿做颠覆历史之事（国际论坛）,2012-05-02,背景是，日本右翼势力频频颠覆历史真相，一些人围绕钓鱼岛问题不断制造紧张，将钓鱼岛问题当成强化“中国威胁论”的一枚棋子。这一方面是错误历史观的发作，同时也是面对中国崛起而产生的所谓“战略焦虑”的宣泄。　
“唐人街”外显风华(侨连四海),2012-04-20,的理念，配上图片，以丰富的中国历史资料来宣传中国传统文化注重‘协和万邦’，以此回应甚嚣尘上的‘中国威胁论’。”　　俄罗斯、澳大利亚……在华侨华人的努力下，各种形式的“中国文化节”在世界各地遍地开花。什
没有什么风浪能动摇“中国定力”（国际论坛）,2012-04-19,，只要是无理取闹，注定要受到强有力的回击。在这件事情上，根本不存在大国欺负小国的问题。所谓的“中国威胁论”永远不会束缚住中国维护国家领土主权的手脚。　　中国外交的责任感体现在面对复杂事态的克制与通过双
学以立德  学以增智  学以长才,2012-04-16,身建设问题。主要是党内存在的消极腐败现象。四是和平发展问题。随着中国的快速发展，国际社会出现了中国威胁论、中国责任论等对中国发展不利的声音。五是国家统一和民族宗教等问题。作者在指出这些问题的基础上，对
冲锋在寂静战场,2012-03-23,为唯一的军方代表，随团参加第四届亚洲安全政策会议。当时，时任美防长的拉姆斯菲尔德在会上挑起“中国军事威胁论”。会议休息时，凤凰卫视现场采访陈舟。他针锋相对地反驳说：“美国军费占世界军费的一半，武器装备
怎样向世界展示中国（会内会外·热点对对碰）,2012-03-09,纪以来，中国发展迅猛，甚至在某些方面超出了西方的预料，超出了有些西方人心理上能够承受的程度，“中国威胁论”就越来越多了。　　所以，中国形象好与不好，一方面与我们自身的努力有关，一方面也与复杂的国际环境
多国军事战略步入调整期（国际视野）,2012-02-02,内阁，但日本军事战略的思路和构想是一脉相承的。　　每年一度发布的《防卫白皮书》近年持续炒作“中国军事威胁论”。2010年12月17日，日本内阁通过了《防卫计划大纲》。这是日本民主党上台以来发表的首个1
美国渲染中国发动“网络冷战”(国际视点),2011-12-16,新攻击进行明确表态的情况下，此类报道仍是“老生常谈”，渲染所谓来自中国的“网络威胁”论调，是“中国威胁论”的另一翻版，显然是媒体的一种炒作行为。　　如今，随着中国信息化的快速发展，所谓来自中国的“黑客
以更广阔的视野观察世界、观察中国（国际论坛）,2011-12-12,平稳定的事情？走和平发展道路是中国的基本国策，同样也是中国长期以来实实在在的现实作为。为什么中国军事威胁论非但没有消除，在某些别有用心者的煽动下甚至有所抬头？当然，我们不会天真地忽视中国迅速壮大的经济
强加于人的“忧虑”暴露了什么（国际论坛）,2011-11-16,行动。仔细研读一下四国合作文件，即可清清楚楚看到这一点。　　某些西方媒体的别样解读不难理解，“中国威胁论”一直是其讲述亚洲故事的“话佐料”。热衷解读别人的“忧虑”，不过是阴暗心理的再度暴露。
“走出去”，更要“走进去”(文化脉动),2011-10-14,事长陈海燕说：“‘走出去’要积极作为、量力而行、不唱高调、持之以恒。因为唱高调会遭致反制，给‘中国威胁论’者提供口实，对国家大战略不利。”　　他认为，中华文化大规模“走出去”的历史条件是否已经具备还需
令人生厌的“旁观者”笑意(国际论坛),2011-10-10,国不乏缺少良知与责任感的反华人士，中美两国的经济联系不是也在不断加强吗？西方一直在刻意渲染“中国经济威胁论”、“新殖民主义论”、“资源掠夺论”，中国非洲全方位经济合作的列车因此减速了吗？　　缅甸政府是
不顾基本事实的“选择性失明”（国际论坛）,2011-09-29,建设的。　　对于中非关系，非洲国家的领导人也有客观评价。美国国务卿克林顿今年访赞时曾公开抛出“中国威胁论”，被时任赞比亚总统班达当面驳斥。新领导人萨塔如今也在重新认识中国，表示将以积极的姿态欢迎中国投
华盛顿的“暗算”注定没有前途（国际论坛）,2011-09-23,布了“中国军力报告”，强调中国大陆军力对台湾构成威胁，为美国对台军售做了一个铺垫。美国渲染“中国军事威胁论”的真实目的，就是要针对中国形成所谓的“对冲局面”，既卖了武器，又使华盛顿能够保持战略制衡的主
美将东南亚视为主要售武扩展区,2011-09-23,对美国是否有能力继续承担对他们的防御义务有所怀疑，因此开始增加对美国武器的购买。第三，受所谓“中国威胁论”影响，东南亚国家有一定的不安全感。第四，东南亚海岛多，近年来经济发展较快，外贸量越来越大，海盗
没有国家安全就谈不上和平发展（国际论坛）,2011-09-20,促进地区安全合作相统一。　　近年来，随着中国国防和军队现代化水平逐步提高，国际上一些人炒作“中国军事威胁论”，对中国防御性国防政策提出质疑，无端指责中国军费不透明等等。　　推进国防现代化是中国合理的国
拓展共同发展空间（国际论坛）,2011-09-16,明，大多受访者认为“中国将取代或者已经取代了美国的地位”。纪念“9·11”事件10周年之际，“中国威胁论”再次升温。在一些人看来，过去10年间美国错过了“遏制中国”的机会，从而使中国得以成为在亚洲“取
国际社会高度评价《中国的和平发展》白皮书,2011-09-07,的发展与稳定。中国高举和平、发展、合作的旗帜，会不断增进国际社会对中国的信任，但要化解和消除“中国威胁论”，仍是一项长期而艰巨的任务。　　（本报驻外记者黄培昭、焦翔、张梦旭、韦冬泽、李永群、顾玉清、丁大伟、吴云、牟宗琮、廖政军、温宪）
冰岛总统欢迎中国投资（国际视点）,2011-09-06,么背后的力量，或者政治驱使。　　黄怒波表示，中国民营企业一走出去，就有声音说，你代表中国来了，中国威胁论、地缘政治论等舆论也出来了。这是当下中国民营企业走出去面临的难题。　　（裴智勇整理）
中方坚决反对美发表２０１１年度《涉华军事与安全发展报告》,2011-08-27,年复一年发表这样的报告，对中国正当、正常的国防建设指指点点，其中不乏夸大中国军事实力、散布“中国军事威胁论”的内容。这不是一种负责任的行为，无益于增进中美战略互信，我们坚决反对。　　他说，中国坚定不移
美国再推有损中美互信报告,2011-08-26,防范中国崛起。美国希望通过宣传“中国威胁论”，加重这些周边国家对中国的恐惧心理，从而在政治上构筑防范中国的联盟。从根本上看，美国一直试图“重返亚太”，宣传“中国威胁论”，有助于美国实现这一战略目的。　　（肖铁峰）
日本将在台湾附近岛屿建军事基地(国际视点)（日本舆论认为，所谓防卫“空白区”，不过是蹩脚的扩充军费理由；与其渲染“中国威胁论”，不如把军费省下来，用于资金拮据的灾后重建）,2011-08-22,。日本军方却一意孤行，肆意炒作“中国威胁”，为其扩大军费开支寻找理由。日本媒体认为，与其渲染“中国威胁论”，军方不如把军费省下来，用于资金拮据的灾后重建。　　（本报东京8月21日电）　　点 评　　刘江
别让南海问题干扰合作大局（国际论坛）,2011-08-20,解决争端缘自中国和平发展理念，现在不理解，可以慢慢理解，随着交往不断加深总有一天会理解。依据“中国威胁论”来制定对抗性政策，不符合实际情况，也经不起历史的检验。　　以大局为重，克制冲动情绪，积极引导民意，总能找到建设性解决南海问题的出路。
中方坚决反对日《防卫白皮书》渲染“中国威胁论”,2011-08-05,国防部新闻发言人耿雁生４日表示，日本政府新发表的２０１１年版《防卫白皮书》涉华内容，肆意渲染“中国威胁论”，是别有用心的。中方对此表示坚决反对。　　有记者问：日本８月２日发表了２０１１年版《防卫白皮书
中美需要与时俱进加深相互认知(国际论坛),2011-08-04,变不惊、抓大放小，不因一时一事丧失对中美关系发展的信心；能透过现象看本质、通过内政看外交。在“中国威胁论”四起和“中国强势论”泛滥之际，基辛格指出，“美中之间的决定性竞争更可能是经济竞争、社会竞争，而
五问中国航母,2011-07-28,显。　　３　　如何看待“中国威胁论”　　中国是5个常任理事国中唯一没有航母的国家，“中国威胁论”站不住脚　　记者：您怎么看待由于我国改建废旧航空母舰平台而再次出现的“中国威胁论”？　　李杰：我国研究和
自贸区需要标准化建设(记者观察),2011-07-06,贸区建成后双方在一些领域中出现的竞争，给予了不少关注。某些西方媒体甚至借机利用这个问题来渲染“中国威胁论”，认为中国与东盟的合作并不能带来互利双赢。　　从自贸区的长远发展来说，我们不应忽视竞争的一面。
尊重中国的和平诚意(国际论坛),2011-07-05,心中自有公论。种种有关中国军事不透明的无端指责，实际上是某些人的冷战思维在作祟，其目的在于为“中国威胁论”推波助澜，或从中寻找借口扩充本国军力，或挑拨中国与周边国家关系，破坏中国和平发展的外部环境。　
我们走向自觉自信自强,2011-07-01,中国社会矛盾的“棒杀”倾向，又要警惕过分夸大中国发展成就的“捧杀”倾向，防止“中国崩溃论”和“中国威胁论”等造成的不良影响。和平崛起、和谐发展是我们的理念和目标，这也是中华文化内核。中国现在不称霸，就
弘扬世贸精神  推动和谐发展（国际视野）,2011-06-08,，这就是人们常说的“中国威胁论”。能否破除“中国威胁论”，不仅决定中国今后10年发展能否有一个良好外部环境，也在很大程度上决定能否建立一个和平、和谐的世界。当然，要解决“中国威胁论”的问题，我们要多做
谁是赢家？,2011-05-23,吴成良　　“泰中国际精品城”能给泰国带来什么？泰中贸易，谁赢谁输？美国《基督教科学箴言报》的结论是，泰国输。笔者认为，此话差矣。抛开“中国威胁论”的错误观念，站在两国经济利益关系的全局来看问题，不难得出结论：中泰贸易，双方都是赢家。　　国际
让世界品尝正宗中国味,2011-05-03,他举了个例子，“怎么用英文翻译‘中国文化走出去’？只是简单地用英文翻译会导致误解，甚至会强化‘中国威胁论’，正确的翻译应当是‘扩大中国文化产品的市场份额’。”　　缺乏能够准确并高质量地将中文翻译成英文
顺应大势  掌握主动,2011-04-19,中国军事形象”国际传播的力度。目前，国际上影响中国军事发展的因素很多，“中国军事威胁论”是其中之一。之所以会出现“中国军事威胁论”，这既有某些国家别有用心的鼓噪，也有我们传播力度不够的问题。近代以来出
中国的和平发展有利于世界,2011-04-19,　　查克拉巴蒂坦言，中国高举和平、发展、合作的旗帜，会不断增进国际社会的信任，但要化解和消除“中国威胁论”仍是一项长期而艰巨的任务。因此，中国今后应加大对非洲等地区的发展援助，向发展中国家增加更多直接
粮价高企谁之过（国际论坛）,2011-04-18,郑熙文　　每当世界面临新的发展问题，总会伴随着出现一些毫无逻辑的“中国威胁论”。最近国际粮价高企，中国又“被联系”起来，有所谓“增加粮食储备刺激粮价”论、“转嫁通胀推高粮价”论、“提高粮食消费抬升粮价
中国坚定不移地走和平发展道路,2011-04-01,信任、以合作求安全、以共赢求发展的积极姿态。这些都从不同角度回答了国际社会关切，也有力驳斥了“中国威胁论”。　　问：你对国防白皮书的意义和作用如何评价？　　答：国防白皮书作为权威的政府文告，是外界了解
和平发展带来更多合作机会（国际人士看中国和平发展）,2011-03-10,你汉语说得好不好，当你遇到困难时，总会有许多中国人愿意伸出援助之手。”　　格列勃认为，所谓的“中国威胁论”，大都源于对中国的不了解。他说：“假如我不了解中国，我可能会根据道听途说的消息来形成对中国的印
入情入理的选择（国际人士看中国和平发展）,2011-03-08,用日益凸显，因此，中国的和平发展政策对于全世界的持久和平具有重要意义。　　范胡尔认为，所谓的“中国威胁论”是一种荒唐的论调。事实证明，改革开放以来，中国的发展对于世界的和平与稳定起到了积极作用，而不是
中国成为世界减贫榜样（国际人士看中国和平发展）,2011-02-23,需要这些帮助，纷纷主动找我们联系业务。”　　提到中国的发展，记者不禁想到目前国际上时常出现的“中国威胁论”的怪论，便问陆海诺怎么看待中国的发展？　　“中国发展对世界绝对不是威胁，而是推动改变了国际游戏
走出新能源产业发展的误区（学者论学问）,2011-01-21,防止授人以柄。随着我国经济实力的提升、工业化进程的加快以及石油对外依存度的提高，国际上出现了中国“能源威胁论”、“环境威胁论”等论调。在这样的国际形势下，我们应将加强新能源国际合作提到更加突出的位置，
“蒙哥马利之问”的现实答案（思想纵横）,2010-12-22,然而，今天世界上的一些人对于强大后的中国是否会侵略扩张依然疑虑重重，一些别有用心者还极力鼓噪“中国威胁论”。因此，“蒙哥马利之问”仍然是我们需要用实际行动继续回答好的重大问题。“前路崎岖君勿虑，扬鞭更
积极培育对外开放新的增长点（热点研究）,2010-12-03,例就有116个，涉及金额达127亿美元，比2008年翻了一番。在我国经济社会快速发展的同时，“中国威胁论”、“中国责任论”等也不绝于耳，一些国家继续对我国实施西化、分化图谋，一定程度上干扰了我国经济社
走向成熟的战略合作（国际论坛）,2010-11-30,曾出现某些“中国威胁论”，如冷战结束后出现的“中国填补真空论”，20世纪90年代中期后出现的“中国军事威胁论”，以及世纪交替时出现的“中国经济威胁论”等。尽管有些西方专家认为，“中国威胁论”是制...
坦然应对“中国强硬论”（国际论坛）,2010-11-24,也将因此继续面临“强硬论”或者别的什么论调的舆论氛围。　　这些年来，西方舆论制造了不少类似的“中国威胁论”，其中有的已经“土崩瓦解”，有的改头换面后重又跳了出来，但总体看来，中国坚持和平发展的事实使得
日本政坛少壮派的崛起与误判（环球走笔）,2010-11-08,安全稳定将产生复杂影响。　　在对华政策上，少壮派的一些倾向和做法值得警惕。他们中的一些人宣扬“中国威胁论”，主张联美制华和多边防华，特别是推动军事防范。一些少壮派对中国常有诋毁言论，损害中日之间本就脆
中国的和平发展道路,2010-10-18,发展道路成为中国外交的战略指导思想。然而，外界对中国的未来走向仍有这样那样的疑虑，各式各样的“中国威胁论”不时出现，甚至有人断言中国不可能和平发展。在这种形势下，中国的和平发展道路是否走得通、如何走下
向世界讲述好中国故事,2010-09-30,不断提高，出于不同目的、针对中国的各种误解、扭曲甚至妖魔化中国发展的舆论此起彼伏，各种版本的“中国威胁论”不断出现，形势要求我们通过深化文化交流与合作、加强文化传播、扩大文化贸易，充分发挥文化交流在沟
应该汲取的教训（国际论坛）,2010-09-27,理此事，形成所谓的“裁判案例”，迫使中国接受“既成事实”；二是利用中日双方矛盾激化来渲染所谓“中国威胁论”，进而顺势以“美军威慑论”来推动普天间机场问题的解决和日美同盟的深化，调整防卫战略和军事部署，
中国的发展有利于世界和平（中国·一个发展中大国的和平发展）,2010-09-19,古国最大的贸易伙伴和投资来源国。这也是中国改革开放政策的一个显著成果。　　其米德策耶最后说，“中国威胁论”曾经有一定的市场，但随着人们对中国和平发展道路的进一步理解，世界各国许多政治家和学者等越来越认
以史为鉴　面向未来,2010-09-03,也经历了不幸，需要把这一切告诉我们的子孙。行胜于言，日中协会将致力于日中友好，并让日本人知道“中国威胁论”的可笑和荒谬。　　最后，中国驻日本大使程永华在总结中说，抗日战争的胜利对世界反法西斯战争胜利、
携手谋划“亚洲梦”,2010-09-01,本前防卫大臣石破茂在发言中表示，“中国威胁论”是错误的。他认为：“没有必要一直强调‘中国威胁论’，日本国内曾一度因这一论调在民众中造成极度不安的情绪，‘中国军事威胁论’实际是被日本夸大其词了。”中国联
外交部国防部表示中方坚决反对,2010-08-19,评论？　　姜瑜说，美方发表的这份报告，对中国正常的国防建设说三道四，夸大中国军事实力，散布“中国军事威胁论”，还把两军关系遇到困难的责任推给中方，我们对此坚决反对，已向美方提出交涉。　　姜瑜表示，中国
一份报告，显示美国对华政策多重心思,2010-08-18,这本身便暴露出其冷战思维的顽疾。在美国历年发表的中国军力报告中，尽显颐指气使的态度，充斥了“中国军事威胁论”的滥调。　　流露许多“担忧”　　指责透明不够　　今年的报告长达74页，其中仍不乏美国作为世界
不真实数据背后的一厢情愿（国际论坛）,2010-08-16,么逻辑？　　伴随着中国的发展，各种版本的“中国威胁论”接二连三，如“中国人口威胁论”、“中国粮食威胁论”、“中国军事威胁论”等，近年来又盛行“中国能源...
中国对世界经济贡献毋庸置疑（中国的角色）,2010-08-03,极作用。”关志雄说。　　关志雄认为，“中国经济责任论”是“中国威胁论”的翻版，他在2005年出版的《做好中国自己的事》一书中驳斥了“中国威胁论”。他说，如何看待中国责任是他目前最为关注的问题之一。他表
警惕“中国经济责任论”（回应“中国经济责任论”）,2010-07-27,足事实，析事明理，解惑释疑，以正视听。欢迎社会各界共同关注和探讨。　　“中国经济责任论”是“中国经济威胁论”的翻版　　记者：国际金融危机发生以来，我们注意到，部分发达国家舆论在称赞中国经济成就的同时，
弘扬务实求理的良好文风,2010-07-09,，但最重要的是人民群众“总体受益原则和总体承受能力原则”，这是最根本的原则。谈到国外有人散布“中国威胁论”，他说，这实际上是“威胁中国论”，可谓一针见血，一语中的。像这样思想深刻、言简意赅、发人深省的
品味甘甜需要时间（国际论坛）,2010-06-30,摩擦甚至有时还出现同步上升的势头。但看起来这些摩擦并没有导致美国人对中国的看法发生负面变化，“中国威胁论”也在这样的背景下有所降温。　　出现积极的变化，既与中国近年来在公共外交方面所做的努力分不开，更
深化传统友谊　推进务实合作,2010-04-03,非政策，有针对性地回应了国际社会各种关切和疑虑，用生动的语言和充分的事实有力批驳了形形色色的“中国威胁论”、“中国新殖民主义论”等论调，进一步树立了中国和平、发展、合作的负责任大国形象。贾庆林主席同三
牢牢把握中美关系大局（国际论坛）,2010-03-18,美国尽管有些人总把中国当做“敌人”或“对手”，那些顽固坚持冷战思维的人至今仍不断地制造和散布“中国威胁论”，但大多数美国人，包括政界具有战略眼光的有识之士，日益认识到中国是美国的合作伙伴，而非敌人。第
网络安全国际合作需要诚意(国际论坛),2010-03-01,列为美军网络战的“潜在对手”。这些论调显然是要抹黑中国，是妖魔化中国手法的又一“翻新”，也是“中国威胁论”的变种。　　众所周知，美国是世界上信息技术最发达的国家，在软硬件研制方面居于全球垄断地位；互联
中非关系　平等、互利和双赢,2010-02-23,有什么令人信服的内容，翻来覆去就是挥舞莫须有的大帽子，诸如“资源掠夺论”、“新殖民主义论”和“中国威胁论”等等。　　对于西方少数媒体炮制的种种无稽之谈，国内外有识之士已经多次以实事求是的科学态度进行了
美国国防战略重新布局（国际论坛）,2010-02-03,中国的崛起”。但美国显然仍是“两面下注”，在提及中美关系的“复杂性”和“不确定性”时，重弹“中国军事威胁论”老调，指责中国发展“反介入”战力、军事透明度“有限”。报告提出美国既要谋求通过合作“实现积极
美国，冷战思维逆时悖理,2010-02-01,近年来，人们早已熟知的是，在中国迅猛发展的情形下，冷战思维所伴生的偏执与无知又常常滋生出忽而“中国威胁论”，忽而“中国崩溃论”，忽而“中国责任论”等多种畸形儿。信手拈来一例：　　美国《纽约时报》年初在
总想树个对手（国际视野）,2010-02-01,"爆发后，所谓“中国操控人民币汇率”、“‘中国制造’扰乱全球市场”等说法频现美国媒体；再有就是“中国威胁论”的说法在美国多年来一直就阴云不散,等等。美国的一些政客发现，中国越发展，就越成为他们的“借口”"
“决定”中美摩擦,2010-02-01,先发制人、政权变更等为特征的布什主义所破坏了的美国在世界上的领导地位。　　萦绕在美国人心头的“中国威胁论”，一方面固然是对中国的制度和政策缺乏了解所造成的，但另一方面，对共产主义存在根深蒂固的敌视和恐
1　文化“软实力”如何“硬”起来（放眼２０１０）,2010-01-08,质量，扩大其传播覆盖面。　　对于没有话语权的痛苦，中国是有深切体会的。这些年来，无论是在鼓吹“中国威胁论”、“中国崩溃论”，还是在涉及奥运会和新疆、西藏等问题上，西方媒体充满偏见和谎言的报道铺天盖地，
1　文化“软实力”如何“硬”起来（放眼２０１０）,2010-01-08,质量，扩大其传播覆盖面。　　对于没有话语权的痛苦，中国是有深切体会的。这些年来，无论是在鼓吹“中国威胁论”、“中国崩溃论”，还是在涉及奥运会和新疆、西藏等问题上，西方媒体充满偏见和谎言的报道铺天盖地，
我军展示自信的新形象（八一之声）,2010-01-08,一些国家的民众强烈呼吁军队削减高额军费。但某些国家的军队为了给扩充军备制造借口，就不断炒作“中国军事威胁”论。对于这些别有用心的人，无论中国军队多么开放透明，对他们都是不起作用的。　　三是在军事透明方
共担责任，携手推动世界和谐发展,2009-12-30,是偶然的。实际上，改革开放30年，使中国和世界的关系发生了历史性变化。　　从“中国崩溃论”、“中国威胁论”到“中国责任论”，对中国发展前景和国际作用的认识逐步由傲慢敌视趋向相对理性和客观。　　“中国开
“中国模式”问题研究述评,2009-12-11,的巨大进步，鼓吹“中国崩溃论”；还有人歪曲“中国模式”对国际经济政治格局带来的变化，大肆渲染“中国威胁论”；等等。针对这些干扰甚至诋毁，我们应旗帜鲜明地宣告，我们所走的中国特色社会主义道路，是立足我国
外交部发言人答记者问,2009-10-24,正在加紧针对美国的网络间谍行动。中方对此有何评论？　　马朝旭回答说：这个所谓的委员会一向渲染“中国威胁论”，有关报告捏造事实，充满冷战思维。我们奉劝该委员会改弦易辙，停止发表此类报告，做一些有利于中美关系的事。
聆听民族复兴的强劲足音（人民论坛）,2009-10-06,意义在于提醒，它像火炬一样照亮过去和未来。回首1949年新中国成立以来，从“中国崩溃论”，到“中国威胁论”，再到 “中国模式”、“中国崛起”，历史的指针已经走过了整整60年。自1840年鸦片战争以来，
走向复兴的“中国道路”,2009-09-29,　（六）中国的故事依然在继续，但它已经变得日益复杂。　　当中国经济以前所未有的速度奔驰向前，“中国威胁论”却随之而来；当世界终于发现“中国的发展是20世纪最激动人心的事件”，中国正步入改革深水区，来自
走向复兴的“中国道路”,2009-09-29,　（六）中国的故事依然在继续，但它已经变得日益复杂。　　当中国经济以前所未有的速度奔驰向前，“中国威胁论”却随之而来；当世界终于发现“中国的发展是20世纪最激动人心的事件”，中国正步入改革深水区，来自
难忘中美关系大门开启时刻（与新中国同行）,2009-09-18,"描述中国，而中国人对美国的认识也更加全面。“老李”认为多数美国人在看待中国时都比较客观,虽然“中国威胁论”不时泛起，但他认为，中国的发展对美国有益，也对世界的进步和发展有益。　　从61年前在哈佛结识中"
就美渲染中国军事威胁论 国防部新闻发言人发表谈话,2009-09-18,　　新华社北京９月１７日电 国防部新闻发言人胡昌明表示，美国２００９年《国家情报战略》报告渲染中国军事威胁论，将中国列为挑战美利益的国家，美国国家情报高官还妄称中国在网络领域极具攻击性。　　１６日，美国
延安　窑洞　油灯,2009-07-04,闪闪，远虑卓卓。声音犹存，历久弥珍。千年变局，世纪难题：从“历史周期论”到“中国崩溃论”，从“中国威胁论”到“中国责任论”。挑战没有止境，答案没有现成。漫漫雄关，火炬接传。　　延安13年，奋斗出诗篇。
对“中国威胁论”说“不”,2009-05-15,关注他，是因为不久前他的专著《中国的威胁？》。在书中，这位法国学者、曾经的外交官对西方散布的“中国威胁论”坚决地说“不”。他试着跳出“欧洲中心论”，不“预设立场”地理解中国的发展，同时也向世界传达中国
外交部举行例行记者会,2009-04-01,"法完全是无中生有。我要指出，在国外有一种“鬼魂”叫“冷战”,有一种病毒叫“中国威胁论”，“冷战鬼魂”附体的人携带着“中国威胁论”的病毒，不时地发作。这些人利用谣言抹黑中国的企图是决不会得逞的。　　有记"
外交部举行例行记者会,2009-03-27,09年度“中国军力报告”，中方对此有何评论？　　秦刚表示，美方发表的这份报告，继续渲染所谓“中国军事威胁论”，严重歪曲事实，干涉中国内政，中方坚决反对，并已向美方提出严正交涉。　　秦刚说，中国始终不渝
对美发表“中国军力报告”表示强烈不满,2009-03-27,防政策。我们不参加任何形式的军备竞赛，不对任何国家构成威胁。美方报告置事实于不顾，渲染所谓“中国军事威胁论”，是完全站不住脚的。　　当前，两军关系发展中存在的诸多障碍仍然没有排除，两军关系仍未完全走出
透析中国国防费,2009-03-07,方国家总是喜欢炒作所谓中国国防费问题，胡乱臆测中国国防费不透明、不真实，超过了防卫需要，渲染“中国威胁论”，以此抹黑中国形象、遏制中国发展。这种手法与冷战期间西方炒作前苏联军费如出一辙，反映了西方的冷
10年，6部国防白皮书背后的故事（独家）,2009-02-03,发展，综合国力进一步增强，国防和军队现代化建设稳步发展，某些政治势力从自身战略利益出发，鼓吹‘中国威胁论’，这就需要我们通过发表白皮书，向世界宣示中国是一个负责任的大国，宣示我们走和平发展道路和奉行防
改革开放以来的中国对外军事交流与合作,2009-01-20,发展情况，化解了一些国家对我综合国力不断提升、军队建设快速发展的所谓“疑虑”，有力地回击了“中国军事威胁论”。　　四是建立国防部新闻发言人制度，积极回应舆论关切。2008年，我国正式建立了国防部新闻发
“中国在全球经济中作用超越排名”,2009-01-19,个复杂的世界也喊出了复杂的声音，表现在世界上不时出现多种“中国论”，如中国崩溃论、中国机遇论、中国威胁论、中国责任论等等。　　在历史上，中国曾长期是世界最大经济体。按照西方的普遍预测和看法，中国还将逐
寻求共识  增进合作,2008-12-18,已经得到了越来越多美国人的认同。美国还有学者认为，中国强大后不会搞霸权的看法和昔日甚嚣尘上的“中国威胁论”相比，“应该说是对中国认识上的进步”。　　美国学者兰普顿认为，要减少中美之间的分歧，就需要加强
世界重新认识中国（文化观察·奥运给中国留下什么①）,2008-08-26,变了头脑中固有的印象，发现了一个“崭新的中国”。　　扭转陈旧歪曲的“中国印象”　　中国崩溃论、中国威胁论……曾几何时，世界对中国有不少误解，一些人戴着有色眼镜看待改革开放以来快速发展的中国。　　《世界
奥运会让世界了解中国（国际论坛）,2008-08-13,国，“中国威胁论”一度很有“市场”，但最近许多有识之士呼吁美国应尽快抛弃这一论调。美国前国家安全事务助理布热津斯基指出，中美关系的未来非常乐观，中国正在国际社会中发挥着建设性作用，“中国威胁论”在美国
胡锦涛主席接受外国媒体联合采访,2008-08-02,　卡塔尔半岛电视台记者问，中国成功举办奥运会，将增强中国综合实力，你是否担心这会在国际上强化“中国威胁论”？　　胡锦涛指出，奥运会是和平与友谊的盛会。北京奥运会将向世界展示中国人民热爱和平的形象和决心
看中华文化与奥运交融（全景奥运）,2008-07-21,丑化、弱化、妖魔化，一方面被视为没落帝国的“东亚病夫”，另一方面被视为威胁西方世界的“黄祸”。中国威胁论、去中国化等机会主义的声音频频扭曲着中国的国家形象。北京奥运会的召开，给了中国在国际舞台上展示自
李洹：这样赢得尊重（人物）,2008-05-14,，包括法国人在内的许多西方人并不了解中国。近几年，中国逐渐强大，一些西方人又产生了恐惧心理，“中国威胁论”甚嚣尘上。要消除业已存在的偏见，工作的确很艰巨。我想，这需要我们加大对中国文化的传播力度。西方
经贸环境趋紧是压力也是动力（经济热点·“外部冲击有多大”之三）,2008-04-28,家还冒出针对新兴市场和发展中国家的投资保护主义新苗头，对我国企业的对外投资和跨国并购项目，以“中国威胁论”、“经济爱国主义”等为借口，进行“特别”审查，设置种种门槛，限制中资进入。　　“外压”加大了不
中国追求平衡发展,2008-04-23,为一个平衡发展的大国。这样一个发展目标是和平的，并不对世界构成威胁。因此，他这本书的观点是反“中国威胁论”的。　　随着美中两国关系的深化，美国的中国研究迅速发展。兰普顿认为，不同机构出于各自需要从不同
“国际牌”救不了“藏独梦”（人民论坛）,2008-04-22,　　这些天，就在西方某些人挑起反华浪潮时，达赖也开始四处游走。　　去年也是，在新一轮“中国威胁论”再次兴起时，达赖开始了对德国、加拿大和美国的窜访。　　尽管达赖每一次都声称自己的行程与“政治活动无关”
潜心求真之作,2008-03-23,济的互惠贸易、文化的友善交流。但时不时地有一些不利于中国的媒体报道透过各种渠道传来，一会儿是“中国威胁论”，一会儿又是中国产品的质量问题，在大洋彼岸炒得很热，以至于影响到世界舆论。而来访的美国客人在参
不合时宜的报告（国际论坛）,2008-03-06,　　3月3日，美国国防部向国会提交了2008年度《中国军事力量报告》，继续宣扬“中国军事威胁论”。报告认为，中国在军事和安全事务上“缺乏透明度”，“对地区稳定构成威胁”；报告恶意夸大中国军队的网络作战
外交部发言人答记者问,2008-03-05,刚在就美国国防部日前发表的２００８年度“中国军事力量年度报告”答问时说，美方的这个报告宣扬“中国军事威胁论”，严重歪曲事实，干涉中国内政，违反国际关系准则。　　秦刚说，中国始终不渝走和平发展道路，奉行
始终不渝走和平发展道路是中国政府和人民根据时代发展潮流和自身根本利益作出的战略抉择（党的十七大报告解读）,2008-01-23,的一贯原则，又根据时代发展的要求申明了中国对当今世界一些重大问题的基本态度，更是对形形色色的“中国威胁论”的响亮回答。　　坚持走和平发展道路是基于对时代主题的科学判断，是我国外交方针的一贯原则。当今世
世纪馆内敞开心扉,2008-01-19,愿。　　布朗明确地说：“我们可以把清洁煤技术带到中国来。”　　一位英国女士请温家宝谈谈对所谓“中国威胁论”的看法。温家宝说，这是因为有些人对中国缺少正确认识。中国坚定不移地走和平发展道路，中国领导人想
能源发展　节约优先,2007-12-27,高度关注，一些别有用心的人提出“中国能源威胁论”等论调，对中国参与国际能源合作形成压力。为增信释疑，正面介绍中国能源状况与政策，积极引导国际舆论，驳斥“中国能源威胁论”，是十分必要的。　　问：今年以来
国际影响　日益增强,2007-12-26,因素”举足轻重，备受世界瞩目。“中国的影响力甚至到了令西方国家嫉妒的程度”，瓦利说，西方炮制“中国威胁论”、“中国入侵非洲论”等，都是这种心理在作祟。事实上，非洲人民的眼睛是雪亮的，中国在包括埃及在内
发展才能自强,2007-12-26,　经过将近30年的持续快速发展，中国的日益强大令人自豪。积贫积弱到任人宰割时，何曾听说过什么“中国威胁论”？！待到挺起腰杆儿、扬眉吐气屹立于世界民族之林时，形形色色的论调、摩擦便接踵而至。面对诸如此类
把自由贸易区建设提到战略的高度（党的十七大报告解读）,2007-12-15,除贸易投资壁垒，为我们把已经形成的生产能力更顺畅地转向国际市场提供了现实可能。四是有助于消除“中国威胁论”。通过自由贸易区框架下相互开放、互利共赢的有予有取，有助于化解国际贸易争端，树立我开放、负责任
友谊是中德关系发展基础,2007-11-16,近年来先后超过了法国和英国，有报道称，未来也有可能超过德国，对此西方国家中有种种看法和担心，“中国威胁论”时常见诸报端。施罗德说，德国只有8000多万人口，而中国有13亿人口，即使中国GDP超过德国，
要坚持走科学发展、和谐发展、和平发展道路,2007-10-18,条件。这既展现了中国热爱和平的形象，也体现了一个崛起的负责任的大国形象，也是对国外别有用心的“中国威胁论”的最好回应。　　外交部部长杨洁篪代表说，中国走和平发展道路，是由中国共产党领导的社会主义国家的
平山与文化丝绸之路（友谊之花）,2007-10-17,夫先生当选为日中友好协会会长。此后先生对中日友好事业倾注了更为浓厚的热情。针对国际上一些人鼓噪中国威胁论，平山先生常常在演讲中以盛唐文化对世界文明的贡献为例，说明当今中国经济的快速发展是和平发展。日中
中国的发展　世界的机遇（抒怀）,2007-10-14,　　这些年来，国际上不时有人鼓噪中国威胁论。但是，只要客观看待中国的发展，就不能不承认一个基本的事实：中国的发展给世界带来的不是威胁，而是机遇。这机遇是多方面的，至少有以下几个方面：　　经济的机遇。改
中国的发展令世界赞叹,2007-10-13,割的一部分，相信在中国共产党的领导下，台湾问题一定会获得妥善解决。巴基斯坦坚决反对任何形式的‘中国威胁论’，反对某些国家建立的针对中国的‘同盟’，反对任何形式的冷战思维。”　　穆沙希德·侯赛因表示：“
让世界感受大连的魅力,2007-09-06,。他们片面夸大中国经济增长中的负面因素，如对世界资源的影响，对环境、气候的影响，甚至可以听到“中国威胁论”的声音。但不管是正面的还是负面的言论，都说明中国在世界舞台上的地位在不断提高，世界各国越来越关
塑造中美合作新亮点（国际论坛）,2007-08-04,可以在气候问题上开辟双边合作的新亮点。相反，如果一味采取抱怨、防范乃至对抗的姿态，挑起所谓“中国环境威胁论”，气候问题则可能成为影响中美关系的不和谐因素。　　冷战后，中美关系发展的一条重要经验，就是“
中国出口商品质量安全是有保障的,2007-08-03,、恶意炒作的报道，我们坚决反对。这些媒体的真实用意令人深思，其实质还是贸易保护主义的翻版，是“中国威胁论”的变种。　　我相信，中国出口产品质量不会因为一些媒体不负责任的炒作而变坏，客观理性的人们会做出
外交部举行例行记者会,2007-07-11,中方对此表示愤慨和坚决反对。美方一些人逆潮流而动，顽固抱持冷战思维，企图抹黑中国形象，并散布“中国威胁论”。他们的做法是不得人心的，也绝对不会得逞。中方敦促美有关方面立即采取有效措施，纠正错误做法，消
气候变化是全球共同面临的挑战（在国务院新闻办新闻发布会上）,2007-06-05,应对气候变化是全球共同面临的挑战，需要国际社会共同应对。　　“中国环境威胁论”不客观不公正　　马凯用有力的事实驳斥了所谓的“中国环境威胁论”。他列举了我国与二氧化碳排放相关的三组数据。　　一是中国的历
中方对美国防部的中国军力报告表示强烈不满和坚决反对,2007-05-29,军事力量年度报告》答记者问时说，美国国防部这个报告别有用心地夸大中国军力和军费开支，继续散布“中国威胁论”，严重违反国际关系准则，粗暴干涉中国内政。中方对此表示强烈不满和坚决反对。　　有记者问，近日，
“机遇论”盖过“威胁论”（国际论坛）,2007-04-04,为一个购买者、投资者和援助者。　　其次，对于各种版本的“中国威胁论”，西方世界开始出现一些清醒客观、切合实际的分析。例如，针对“中国军事威胁论”，美国前驻华大使芮效俭就指出，中国有着众多的人口、漫长的
两会断想（人民论坛）,2007-03-16,国ＧＤＰ世界排行第四，外汇储备第一，国家财政收入近４万亿人民币。有人羡慕中国的成就，有人惊呼“中国威胁论”，更有许多朋友赞扬我们对世界的贡献。但我们知道，这只是初战告捷，更精彩的好戏还在后面；同时我们
中川，大谬矣（国际随笔）,2007-03-01,任过日本的经济产业大臣和农林水产大臣等要职，现在身为自民党高层干部和资深议员，如此放肆地散布“中国威胁论”，实在令人惊讶和愤慨。他的言论，理所当然受到中国外交部发言人的严厉批驳。　　日本面积小、人口少
成思危说中国需要一个和谐世界,2007-01-27,谐世界的目标就能够实现。　　成思危说，５到１０年前，有人提“中国崩溃论”，３到５年前，有人提“中国威胁论”。现在，人们开始谈论中国的国际责任。这一变化显示出外部世界对中国的发展有了进一步的认识，认为中
美国“中国观”悄然变化（国际论坛）,2007-01-23,快速发展正从“将来时”变成“正在进行时”的时候，美国人又开始大谈“中国威胁”，先后炮制出所谓中国“军事威胁论”、“环境威胁论”、“能源威胁论”等，不能正视中国和平发展的现实。　　值得注意的是，从２００
军力与“大国梦”（国际论坛）,2007-01-18,是，日本某些人执着于“制华”策略，并在其中逐渐凸显安全防卫因素。最近，日本领导人在欧洲大谈“中国军事威胁论”，并阻挠欧盟解除对华军售禁令；另据此前媒体报道，日美新近举行的联合军演目标已经直指中国。这些
姚云竹　走向世界的中国女军人（国防和军队建设）,2007-01-04,不亢不卑的良好形象赢得了不同国度学者的尊重和赞誉。她在英国学习时，经常听到一些人恶意散布所谓“中国威胁论”。姚云竹冷静思考，积极宣传中国防御性国防政策，同时，加班加点用英文撰写了《中西方传统军事思维的
２００６年中国的国防,2006-12-30,“台独”的立场，但是美国继续向台湾出售先进军事装备，并与台湾加强军事联系和往来。少数国家炒作“中国威胁论”，加强对中国的战略防范与牵制。周边复杂而敏感的历史和现实问题，仍对中国的安全环境产生影响。　　
２００６年中国的国防,2006-12-30,“台独”的立场，但是美国继续向台湾出售先进军事装备，并与台湾加强军事联系和往来。少数国家炒作“中国威胁论”，加强对中国的战略防范与牵制。周边复杂而敏感的历史和现实问题，仍对中国的安全环境产生影响。　　
２００６年中国的国防,2006-12-30,“台独”的立场，但是美国继续向台湾出售先进军事装备，并与台湾加强军事联系和往来。少数国家炒作“中国威胁论”，加强对中国的战略防范与牵制。周边复杂而敏感的历史和现实问题，仍对中国的安全环境产生影响。　　
国家安全，靠促进内外和谐实现,2006-12-30,皮书在安全环境判断、安全战略思想以及国防政策和军事战略的许多方面都作了公开阐释，有力驳斥了“中国军事威胁论”。　　记者：在具体的内容上，新白皮书有什么新变化和亮点？　　陈舟：新白皮书从内容到结构都有很
世界瞩目中国,2006-12-25,丰富，风格更加成熟务实，作用更加突出，特别是通过对推动建设和谐世界政策主张的全面阐发，消弭了“中国威胁论”的影响，为进一步培育和运筹软实力，维护中国发展的重要战略机遇期创造了有利条件。　　中国的发展离
费解的逻辑（国际随笔）,2006-12-21,中国经济的快速发展，得到了世界的瞩目和肯定，也招致了一些不和谐的声音。广而论之，有甚嚣尘上的“中国威胁论”、耸人听闻的“中国崩溃论”；具体而言，有的国家把本国的失业、贸易赤字等问题统统归咎于“中国制造
该如何称呼你，中国龙（文化观察）,2006-12-12,是众多海外华侨华人的精神象征，怎么能说“修正”就“修正”呢？　　其次，龙与“中国威胁论”无关。某些人敌视中国、宣扬中国威胁论，是从其思想、立场、利益出发的，而不是因为中国龙的形象让他们反感。即使中国龙
中非合作新起点,2006-11-17,民收入仍处于中低水平，但中国政府的重大举措用事实向世界表明：中国的发展对世界有益，有力驳斥了“中国威胁论”；中国是一个友善国家，一贯奉行“扶危济困”的传统道德准则；中国是一个重情谊的国家，只要自身经济
中国与东盟共发展,2006-10-25,投资和进行基础设施建设很感兴趣，两国的友好关系有助于促进经贸快速发展。　　马来西亚从来不同意“中国威胁论”的说法，这是巴达维多次表达的鲜明观点：“中国的成功也会为我们的成功、为这个地区的稳定做出贡献。
全面阐述中非关系及中非合作论坛北京峰会意义,2006-10-24,向成熟的重要标志，而且将成为中非友谊史上一座新的里程碑。　　问：国际上一些人在非洲散布所谓的“中国威胁论”，非洲也有人担心中国商品冲击非洲市场和就业等。您怎么看这个问题？中国的发展对非洲有何益处？　　
中非国际合作充满生机（中非友好）,2006-10-18,基础上的真诚合作，是南南合作的典范，有着光明前景。西方指责中国在非洲推行“新殖民主义”，宣扬“中国威胁论”，纯属无稽之谈。在２００６年非洲联盟第七届首脑会议前夕，非盟委员会主席科纳雷对中国重视非盟作用
努力推进历史性转变  全面开创环境保护工作新局面,2006-08-26,国形象。要加强与周边及广大发展中国家的环境合作，维护我国和其他发展中国家环境权益，努力消除“中国环境威胁论”的不良影响。同时，要积极引进国外先进的管理技术和经验，促进我国环境管理水平的提高。　　第五 
斯中关系发展非常好,2006-07-24,国的关系。　　在谈到如何看待“中国威胁论”时，萨马拉维拉肯定地说，中国不是威胁。无论谁发出这样的声音，只能是出于对中国的嫉妒，因为中国的经济增长已持续多年，“中国威胁论”的说法根本站不住脚。在当前的国
海逸达自问之思（大千絮语）,2006-07-10,等人道理念，以及中华民族宽厚、善良的品质，成就了如此伟大的善义之举。相形之下，各种版本的所谓“中国威胁论”竟是何等的苍白无力！　　“宽容”、“仁慈”等人道理念，以及宽厚、善良的优秀品质，并非中国文化和
真挚友谊，互利合作,2006-06-26,中非合作有重要指导意义。　　三、增信释疑，赢得理解　　近一时期，国际上少数人在非洲散布所谓的“中国威胁论”，非洲也有个别朋友担心中国商品冲击非洲市场和就业等。温总理通过正式会谈、举行记者会等方式，耐心
中美军事交流的积极信号(国际论坛),2006-06-26,。美国一方面希望中国成为负责任的“利益攸关方”和国际社会的建设性力量，一方面却鼓噪各种版本的“中国威胁论”，显然不利于包括中美两军关系在内的两国关系的健康稳定发展。“增加信任、减少麻烦、发展合作、不搞
非洲“新殖民主义者”是谁？（视点）,2006-06-23,系，中非互利合作取得前所未有的丰硕成果之际，一些西方媒体掀起一股企图诋毁中非关系的西方非洲版“中国威胁论”，大肆宣扬所谓的“中国对非洲实行‘新殖民主义’”、 “中国在非洲‘掠夺资源’”等，妄图离间中非
谛听东瀛友人的心声（友谊之花）,2006-06-13,在日本，只有个别不客观面对历史的领导人。”当晚，披览了这位学者的近作。作者严厉批评某些人鼓噪“中国威胁论”的愚蠢无知，指出：“中国文化本质的特征就是‘以和为贵’，这是中国人最本质的性格特征。”“在中国
利益相容　前景乐观,2006-06-07,力来解决问题。我认为，双方以积极心态来处理共同面对的问题至关重要。　　记者：针对国际上的所谓“中国威胁论”，中国领导人多次强调中国将坚定不移地走和平发展道路。您如何看待“中国崛起”？　　容安澜：我个人
美国媒体的教训（国际随笔）,2006-06-06,不应也无权将案情泄露给外界。但不应该发生的事恰恰就发生了，显然是当年有些人欲利用媒体为其煽动“中国威胁论”这一政治目的服务。　　这件事也再一次让人们看清了美国媒体所谓“独立”、“客观”和“公正”的虚伪
外交部发言人答记者问,2006-05-25,刘建超说，美国国防部这个报告抱着“冷战思维”不放，别有用心地夸大中国军力和军费开支，继续散布“中国威胁论”，严重违反国际关系准则，粗暴干涉中国内政。中方对此表示强烈不满和坚决反对。　　他说，中国是热爱
理应排除的“杂音”（国际论坛）,2006-05-22,　　近日，美国有少数媒体炒作所谓“中国科技威胁论”，认为美国“绝不能松动对华高技术出口”。某些人言之凿凿地称，中国经济追赶之势已对美国构成潜在挑战，如果在高技术领域中国再有所突破，则美国的绝对经济优势
亚洲共赢正逢良机（国际论坛）,2006-04-22,任何不带偏见的人都会看到，中国和平发展的愿望是真诚的，“中国机遇论”越来越成为世人的共识，而“中国威胁论”由于缺乏依据而越来越失去市场。　　积贫积弱、“一盘散沙”的亚洲已成为过去。我们有理由迎来一个政
相互了解贵在客观（编辑点评）,2006-04-15,渠道之一。但长期以来，这一渠道传递的有关中国的信息往往离客观公正的要求相距甚远，这也是所谓的“中国威胁论”或“中国崩溃论”在美国仍有市场的部分原因，也是影响中美关系健康发展的因素之一。在这一背景下，由
中国和平发展和世界共同繁荣,2006-03-31,中国的发展，引发多种议论和评论。其中，有真诚的喝彩和理性的判断，也有焦虑和不安，甚至不时传来“中国威胁论”。对快速的经济增长有不同的看法，这很正常。中国的改革开放，从一开始就是一个同世界经济日益融合的
社会主义荣辱观大家谈（4）,2006-03-27,享发展的成果。中国正在和平发展的道路上前进，然而，世界上还有许多偏见和误解，“中国威胁论”还有一定的市场。化解“中国威胁论”，这不仅需要领导人向世界做工作，而且还需要广大公民积极参与。再过两年多，就要
李肇星就中国外交工作和国际问题答记者问,2006-03-08,　新华社记者：传统的国际关系理论认为，一个大国崛起必将对既定的国际秩序构成挑战。这也成为所谓“中国威胁论”的重要论据。中国正在迅速发展，如何同其他发展中国家一道为世界的和平与发展发挥作用？　　李肇星：
美国《四年防务评估报告》遭质疑（各国专家批驳“中国军事威胁论”）,2006-02-11,的《四年防务评估报告》中对中国正常的国防建设无理指责，渲染“中国军事威胁论”。而美国、英国、法国和俄罗斯的一些专家则批驳了“中国军事威胁论”，认为中国走的是和平发展的道路。　　美国知名防务和外交政策研
中美关系中的不和谐音（国际论坛）,2006-02-10,性合作关系”。显然，美国越来越多的人士已开始正视中国发展的客观现实。　　其实，五角大楼宣扬“中国军事威胁论”还有一个不便明言的用意，即通过误导国会与舆论来谋求更多的国防拨款。在军费节节攀升、削减军费压
外交部举行例行记者会,2006-02-08,国国防部公布的《四年防务评估报告》涉华部分对中国正常的国防建设无理指责，干涉中国内政，渲染“中国军事威胁论”，误导舆论。中方对此表示坚决反对，已向美方提出严正交涉。他说，中国坚定地走和平发展道路，实行
日本政府答辩书否定“中国威胁论”,2006-02-01,　　本报东京1月31日电　记者曹鹏程报道：日本政府在今天举行的内阁会议上确定了提交国会的政府答辩书的内容。政府答辩书否定“中国威胁论”，认为历史问题应坚持1995年前首相村山富市讲话的立场。　　答辩书认为，《中日联合声明》、《中
为社会和谐作贡献（专访）,2006-01-27,　　记者：目前，中美两国在经济方面的合作越来越密切，但同时存在一些问题，比如在美国就有所谓的“中国威胁论”。您是访问中国最多的美国企业家，据说已去过中国95次，您认为中美关系要保持良好发展，两国的企业
美日军演为何大幅缩水（国际论坛）,2006-01-18,再表示“希望避免刺激中国”，态度并不牵强。　　其实，尽管日本近来一再向美国表达忠诚，一再鼓噪“中国威胁论”，但内心其实很清楚：美国不会轻易被其利用；在中国努力创造稳定外部环境以便更多融入国际社会的今天
国会坚冰开始融化（国际论坛）,2006-01-10,，甚至时常针锋相对的两党议员也在此发生了共鸣。其次是对中国的担心催生了解的愿望。去年上半年，“中国威胁论”在美国甚嚣尘上，国会多数议员对中国充满担心和忧虑。但他们既然相信中国的崛起已无法阻止，就更有必
我不相信“中国风险论”（专访）,2005-12-25,赢　　富士胶片（中国）有限公司2001年4月成立以来，几乎每年都有对华投资项目。而这些年，“中国经济威胁论”、“中国投资风险论”等反华论调甚嚣尘上，对此富士不会没有耳闻。是什么在支撑富士对华投资的决心
和平发展：中国的必由之路（独家报道）,2005-12-23,国国情和内外方针的了解。白皮书注重让事实说话，表明中国的发展对世界是机遇，不是威胁；回击各种“中国威胁论”，也消除一些人对我国发展的担忧和误解。　　对内，它将使我国人民更好地了解国内外形势和政府为维护
外交部发言人举行记者会,2005-12-23,的事实。作为日本的外相，发表这样的言论是极不负责任的。人们不禁要问，日本外相此时煽动毫无根据的中国威胁论调，到底意欲何为？　　贸易摩擦问题是发展中的问题　　新华社北京12月22日电　（记者马文博）外交
中国因素影响深远,2005-12-22,的经济建设和已取得的举世瞩目的成就必然会引起别国的重视和关注。因此，进一步的沟通和交流是消除“中国威胁论”的必要途径。最后，“发展才是硬道理”，只有综合实力的全面提高才能为构建和谐世界的主张在全球范围内的推广提供现实基础和依据。
共同应对安全问题,2005-12-22,世界，在安全领域开展国际合作也变得日益迫切。尤其值得一提的是，和谐世界的提出，为从根本上反对“中国威胁论”提供了有力武器。　　王宝付（国防大学战略研究所副所长）：2005年即将过去，从全球范围内看，今
美国东亚外交政策尚待调整（国际论坛）,2005-11-28,“中国的崛起”为“不可阻挡的进程”，然而在如何与“崛起的中国”打交道的问题上并没有形成共识，“中国威胁论”的论调还不时泛起。对华外交的长远定位不仅对中美两国，对东亚乃至整个世界都具有重要意义。　　其次
小泉表示不相信“中国威胁论”,2005-11-19,首相小泉纯一郎16日与美国总统布什在日本京都举行会谈时认为，日中关系前景光明，他不相信所谓的“中国威胁论”。据日本时事社报道，参加日美首脑会谈的美国高官透露，在会谈中布什了解了小泉对日中关系前景的看法
商务部外贸司负责人驳斥“中国石油威胁论” 我国石油进口并不算多,2005-11-18,回落30个百分点左右。预计2006年中国石油进口需求增势减缓，增幅将继续回落。鲁建华驳斥了“中国石油威胁论”。他说，中国石油进口推高国际油价的说法是没有根据的，中国的能源供应主要是立足国内。中国是能源
中国：文化外交显魅力,2005-11-11,"，与近千个国际文化组织和机构有着不同形式的文化往来。“中国热”是弘扬中华文化的契机,也是化解“中国威胁论”的有效途径今年，文化部继续推出了一些重大对外文化交流活动，突出地表现在10月在美国举办的中国文"
文化交流开启理解窗口,2005-11-11,的正确理解。美国前驻中国大使尚慕杰也承认，中国人了解美国多，美国人了解中国少。记者看来，所谓“中国威胁论”就是这种理解逆差的表现之一。从美国国防部长拉姆斯菲尔德到副国务卿佐利克都表示出对中国崛起的担忧
展示中华文化的魅力（人民论坛）,2005-10-14,其二，文化交流有助于增进相互理解。无论是扩大中国的国际影响，树立良好的国家形象，还是消除所谓“中国威胁论”，文化交流都具有不可替代的作用。这种交流，比之于单纯的政策性解释，效果更好。　　现在，中华民族
中美的对视与互动（国际论坛）,2005-10-13,一个重要的话题就是如何看待和应对中国的崛起。在这个问题上，美国出现了完全相反的两种意见。一为“中国威胁论”，认为中国在经济上加紧全球扩张，在军事上打破地区平衡，已对美形成一种战后德日崛起式的挑战。二为
构建一个更加和谐的世界,2005-09-23,的推广必将使中国成为受益者。　　门洪华：和谐世界代表着中国人民对国际关系民主化的期望，也是对“中国威胁论”的积极回应，它将进一步巩固中国负责任、可预期、建设性的国际形象。它意味着，中国领导人明确意识到
和平外交政策的新阐述,2005-09-23,着中国的发展，一些西方学者根据“后起的大国必将损害现有大国既得利益”的某种国际关系理论，宣扬“中国威胁论”，这一论调在一些国家形成了不大不小的声势，对中国下一步的发展形成了不大不小的障碍。　　胡锦涛主
“文库”出版　正逢其时,2005-09-08,践中也体会到，如果不了解中国的历史、文化，也没有办法真正地了解中国。现在国际上一些国家兴起的“中国威胁论”，就和不了解中国的历史，不了解中国的文化密切相关。所以现在加强《大中华文库》的出版、发行工作，
欧中关系更需深度（高层访谈）,2005-09-07,？在您看来，中国意味着更大的威胁还是更多的机遇呢？您认为如何来帮助西方公众更好地消除来自所谓“中国威胁论”的忧虑？索拉纳：我的观点非常明确：中国代表着机遇，而不是一种威胁。中国作为一支维护正义的力量在
高度关注胡锦涛访美,2005-09-03,采购更多的微软产品，如果中国向华盛顿州乃至美国更多的企业开放，这对美国经济是一件大好事。由于“中国威胁论”的作祟，美国舆论普遍认为胡锦涛主席此行对美国“恐华症”具有“镇静作用”。《洛杉矶时报》近日也刊
受邀参加抗战胜利纪念活动的海内外爱国人士、抗日将领和国际友人陆续抵京,2005-09-02,体在北京举行见面会。美国飞虎队老兵约翰·罗西、大卫·海沃德在回答记者有关“如何看待当前所谓的‘中国威胁论’、如何增进美中之间的互信”的提问时指出，他们在美国每次读到这方面的报道，都持怀疑态度；“中国对
坚定不移地走和平发展的道路,2005-09-01,古老民族踏上了一条伟大复兴的康庄大道。这引起某些国家少数人的不安，有的甚至别有用心地乘机散布“中国威胁论”。历史上，一个大国的崛起往往会导致国际格局和世界秩序的急剧变动，甚至引发战争。然而，历史也早已
台“军购案”欲再闯关（一周新闻·看台湾）,2005-08-31,”对祖国大陆充满敌意，把“中国崛起”定为“武力崛起”，肆意诬蔑大陆对台“军事威胁”，大肆鼓吹“中国威胁论”，鼓噪加强军备，提出“转守为攻”的新战略，强调无论在军事、两岸关系还是“外交”上都要寻求“主动
国际回声,2005-08-19,利益，就相当于布什政府每年为他们减税的一半。　　——新加坡《联合早报》有一群美国人一直在宣扬“中国威胁论”。他们主要从军事角度谈论中国威胁，常常胡乱夸大中国的实力。但事实并不支持他们的说法。中国是在扩
理性看待中国发展（视点）,2005-08-19,黄晴“中国威胁论”的出现大约是上世纪90年代前期，其指向主要是中国的高速经济成长，此论时起时伏约10多年了。近年，“中国威胁论”又扩大到军事安全领域和能源领域。正如约瑟夫·奈教授在本版所言，一个大国的
中国：威胁还是机遇？,2005-08-19,渲染中国军费增长威胁地区安全……最近一段时间来，涉及中国的一系列国际事件背后，人们可见新一轮“中国威胁论”时隐时现的影子。中国的和平发展对于周边国家和国际秩序意味着更多的威胁还是机遇？一个国家的振兴就
政治因素在作祟（国际论坛）,2005-08-11,原因并非经济因素，交易的不确定性和风险更多地来自美国“政治间歇性癫痫病”——“中国威胁论”。收购案适逢新一轮“中国威胁论”明显升温之时。虽说大多数美国能源经济学家和市场分析师并不认为中海油有什么政治意
日本近代大陆政策评析（专论）,2005-08-09,对外侵略扩张的道路就不足为怪了。“中国威胁论”是虚伪外衣日本奉行大陆政策，有悖于正常的国际关系准则，理不直、气不壮，需要披上一件虚伪的外衣以掩人耳目，渲染“中国威胁论”就是其主要手段。1882年，山县
岂能挂着倒挡求“进步”（国际随笔）,2005-08-08,55名国会议员要求首相小泉纯一郎于8月15日参拜靖国神社；日本2005年度防卫白皮书极力渲染“中国威胁论”；自民党新宪法起草委员会公布宪法修改草案，建议将现行宪法第九条“不保持陆海空军及其他战争力量”
日本右翼意欲何为（国际论坛）,2005-08-04,李学江近日，日本列岛寒流滚滚，不断向邻国袭来：一股欲将“中国威胁论”的沉渣再度吹起；另一股则想掀起“大家都来参拜靖国神社”的翻案风潮。8月2日，日本内阁会议通过了2005年度国防白皮书，妄称“中国不断
中美战略对话的启示（国际论坛）,2005-08-03,维。迅速发展的中国对内谋和谐、对外求和平。面对这一现实，美国政界主流开始超越过去那种简单化的“中国威胁论”和“中国崩溃论”，从战略上和心理上进行调适，思考如何接受中国崛起的新现实。尽管以国会、国防部、
素拉革竞选联合国秘书长,2005-07-26,联合国一词，从英文涵义讲，强调的就是团结、联合在一起的各个国家。每当听到有人对崛起的中国放出“中国威胁论”时，素拉革便会这样回答：“我很高兴看到中国的崛起、中国的强大，因为强大的中国使我们有了一个更有
美新版“中国军力报告”解读,2005-07-25,中国社科院研究员　陶文钊　中国社科院副研究员　李晓岗　本报记者　吴迎春美国国防部19日公布关于中国军力情况的年度报告，重弹“中国威胁论”的老调，中国方面已向美方提出严正交涉，国际舆论和专家学者纷纷剖析报告的用心，并提出批评。记者：
重在明鉴（金台随感）,2005-07-23,中华民族正以不可阻挡的力量，奋起在世界的东方，成为制约战争，维护和平的重要力量。面对今天那种“中国威胁论”，我们根本可以不屑一顾。我们吃落后挨打的亏太多了，要一心一意搞建设，坚定地走和平发展道路，为世
荒唐的“中国威胁偏执症”（国际论坛）,2005-07-22,辛本健7月19日，美国国防部公布了被多次推迟的2005年度《中华人民共和国军事力量报告》。报告有以下几个主要内容：第一，继续渲染“中国威胁论”。报告认为，中国可能会“借助军事和经济实力，在与贸易伙伴和邻国的安全与经济交往中占据主导地位”
五角大楼发表中国军力报告（继续渲染所谓“中国威胁论”）,2005-07-21,告，对中国正常的军事发展进行大肆渲染。此间分析人士认为，美国防部的这份报告是在美国一些人所谓“中国威胁论”的背景下出炉的，与中美关系的总体发展状况并不合拍。今年的中国军力报告本应在春天发表，但由于美国
中国向美方提出严正交涉,2005-07-21,事现代化使台湾有需要发展反制措施，企图以此为借口向台湾出售先进武器。该报告无视事实，极力散布“中国威胁论”，粗暴干涉中国内政，挑拨中国与其他国家的关系。对美方这一严重违反国际关系基本准则和中美三个联合
伦敦也要改革开放（大千絮语）,2005-07-19,此景，不禁令人慨叹：中国的改革开放一路走来，其间经历了多少别人的白眼和红眼，“中国必乱论”和“中国威胁论”等陈词滥调轮番上场，不外乎从不同角度给中国的发展壮大“添堵”，但均未能奏效。如今连伦敦市也要虚
“美香”传递的喜讯（国际札记）,2005-07-14,交动物”，甚至有人将它们的命运看作中美关系政治氛围的晴雨表。1999年大熊猫“兴兴”去世时，“中国威胁论”、李文和“间谍案”闹得正凶，美国媒体将两件事联系在一起，对中美关系表示忧虑。此次，《华盛顿邮报
聚焦新党大陆行,2005-07-13,私，而是期盼借由这样的交流和沟通，激发我们中国人的爱国主义和民族精神。针对有些国家不断地强调“中国威胁论”，郁慕明认为，中国的崛起是和平的崛起，中华民族是一个爱好和平的民族，我们所追求的是“天下为公，
一条大河共开发,2005-06-24,重叠区。从安全上看，这样一块山水相连、经济合作日益紧密、能够实现各国共赢理想的地区，理应成为“中国威胁论”的消弭之地。　　总的来看，中国参与次区域的合作开发，是“睦邻”、“安邻”、“富邻”的具体体现。
理性的声音（国际随笔）,2005-06-20,　　李学江　　近来，伊战开始后偃旗息鼓了一段时间的“中国威胁论”在美国又有回潮之势。在宣扬“中国威胁论”的人群中，有人是因为对当代中国的发展和政策了解甚少，因此多有误解之处。但也有那么一些人，从美国的
五角大楼的堂吉诃德（国际论坛）,2005-06-08,新军警之后，美国五角大楼和中央情报局的高官便又像堂吉诃德一样在全球寻找新的敌手，开始了新一轮“中国威胁论”的鼓噪。先是中央情报局局长戈斯，刚一就任便耸人听闻地说什么“中国军事现代化对美国构成了直接威胁
唐家璇会见澳大利亚国防部长,2005-06-08,互信，发展合作。一个稳定和不断发展的中国对世界各国是机遇，而绝不是威胁。有些人热衷于渲染所谓“中国威胁论”，原因在于他们对中国所选择的发展道路缺乏客观、正确的认识，甚至怀有偏见。
中国从来不是威胁（专访）,2005-04-16,，博闻强记才能聪明过人。记者：最近，中国经济高速增长特别是出口的增长，引起不同评说，新版本的“中国威胁论”悄悄流行。您是如何看待这个问题的？德斯坦：中国从来不是威胁。全球正在进行艰难的反贫困斗争，占全
跨国探讨中印关系,2005-04-08,个多世纪里的任何积怨、矛盾和冲突。更何况两国历史上绝大部分时间都是友好相处的。正如曾一度宣扬“中国威胁论”的印前国防部长费尔南德斯在2003年6月接受一次采访时说的那样：“印中两国必须埋葬过去不愉快和
就中国外交和国际问题答中外记者问,2005-03-07,两国战略伙伴关系。人民日报记者：最近华盛顿出现了新一轮“中国威胁论”，其实质是什么？对中美关系有何影响？您在担任中国驻美大使时曾与“中国威胁论”进行过斗争，今后你将怎么做？李肇星：我至今依然怀念在美国
有悖国际法的单方行为,2005-02-23,岛屿有事对应方针》，加强钓鱼岛的军事战略地位。日本此次所谓“接管”灯塔制造紧张局势，意在重提“中国威胁论”，为其军事扩张、加强西南海域防卫提供冠冕堂皇的理由。同时日本企图利用钓鱼岛作为军事基地，为遏制
美日勿给台海添乱（国际论坛）,2005-02-21,中国经济发展中得到实惠的美日两国前些年自产、自销“中国经济威胁论”，如今已经越来越没有“市场”。从去年以来，美日两国又开始了新一轮的“中国军事威胁论”二重唱，声称中国是美日“安全保障上的最大课题”。其
中国经济发展是机遇,2005-01-16,京大学研究生院教授伊藤元重在演讲中从经济学角度论证了从“中国威胁论”到“中国景气刺激论”的转变，其他与会的演讲者也从各自的角度驳斥了“中国威胁论”。
真信　真学　真用　保持党的先进性（实践“三个代表”重要思想　保持共产党员先进性）,2005-01-14,济长期快速增长的奇迹，彻底粉碎了苏东剧变后西方散布的“中国崩溃论”。同时也使同样是西方散布的“中国威胁论”不攻自破。这13年，同我国建立外交关系的国家从137个增加到165个，先后有180多人次外国元
盘点2004（国际政治（下））,2004-12-24,独”。所以，美国在对台售武、军事合作等问题上不会做出实质性的调整。　　值得注意的一个问题是，“中国威胁论”有可能从军事转向经济。在今年被热炒的人民币汇率、外包、反倾销等许多经济问题的后面，我们都可体味
日本内阁通过新的防卫文件,2004-12-11,给予关注，并不是将中国看作威胁。日本外相町村信孝在内阁会议后回答记者提问时也说，《大纲》没有提中国威胁论。　　《大纲》表示要大力整备防卫力量，确立战略导弹防御体系，除了要整备能够防御外敌全面入侵日本的
正确估价中国实力,2004-12-03,中国很高期望的发展中国家，我们要实事求是地对待；而对那些心怀不善，企图“捧杀”中国，变相制造“中国威胁论”的国家，我们也要心中有数，保持警惕。陈锋（中国人民解放军国际关系学院院长）：客观地估价“中国因
一个外国人的眼光（金台随感）,2004-11-18,北京和上海，而在西部农村。”最近一段时间以来，常有一些外国人喜欢把中国“妖魔化”，一会儿制造“中国威胁论”，一会儿鼓噪“中国崩溃论”。这位教授并非“反华人士”，也非“不受欢迎者”，而是具有深厚中国情结
为东亚和平繁荣献策（综述）,2004-10-14,海”而忽视了国际正义，日本将很难赢得国际信任，也不利于中日关系。日本也不应该借助制造和渲染“中国军事威胁论”来发展自身的军事力量。
枫叶已见色斑斓（出访归来）,2004-09-17,移民，这有利于推动加拿大的经济繁荣和多元文化的发展，也有利于加深加中两国间的了解与友谊。所谓“中国威胁论”在加拿大没有什么市场。　　代表团在加拿大的访问是短暂的，但加拿大的多元文化特色却给我们留下了深
“继续支持振兴东北”（专访）,2004-09-15,当今的中日经济关系？奥田：从消费和投资两个方面看，中国是日本企业最有吸引力的市场。前些年关于“中国威胁论”的说法，现在完全听不到了。日本企业的产品不仅在中国有广阔的市场，日本企业在中国制造的产品还可以
中国和平发展时代的文化使命,2004-07-27,驻外使领馆文化处和文化机构应当成为祖国和平发展的前沿阵地，努力打造“文化中国”的形象，以消除“中国威胁论”和妖魔化中国等反华宣传的影响。　　和平发展理念对当前正在进行的文化体制改革提出了新要求，为研究
美中经济与安全评估委员会年度报告充斥冷战思维,2004-06-18,举行的例行记者会上表示，“美中经济与安全评估委员会”的年度报告充斥着冷战思维，其目的就是鼓吹“中国威胁论”，中国对此表示坚决反对。有记者问：美国“美中经济与安全评估委员会”近日向美国会提交了年度报告，
坦诚交流共同发展,2004-06-15,猛发展，从2000年开始的日本企业对华直接投资潮也方兴未艾。在这种情况下，日本国内曾一度出现“中国威胁论”的论调，但现在持这种观点的人已经很少了，认为两国应该相互补充，良性竞争，共同发展的观点占据主流
深化与拓展日中商务合作,2004-06-15,日本贸易振兴机构理事长　渡边修距今大约3年前，日本经济处于谷底，是日本企业家心情最坏的时候，当时“中国威胁论”盛行。可是现在与当时相比，已大不相同。伴随中国市场的发展，不仅是大企业，中小企业也都把中国市场
携手共创繁荣未来（综述）,2004-06-10,在今日之日本，“中国威胁论”渐失市场，而“中国经济发展，日本也能受惠”的观点正被越来越多的人接受。因此，人民日报与日本经济新闻社6月初在东京举办的第十次中日经济讨论会，主题便被确定为“快步迈入自由贸易
冷战思维何时休,2004-06-08,近来，美国五角大楼和国会山一唱一和，重弹“中国威胁论”老调，不断向台湾地区、美国国内甚至世界发出错误的信号。五角大楼日前发布了《2004年度中国军事力量年度报告》，其官员又连续数次在国会举行的听证会上
小泉首相会见人民日报代表团,2004-06-03,经济之所以出现明朗的上升势头，也有中国经济发展的拉动因素。他强调说，这些年来我一直不赞成所谓“中国威胁论”的论调，多次说过中国的发展对日本不是威胁，而是机遇，这一预言正在变成现实。在谈到有关货币汇率的
外交部发言人发表谈话,2004-06-02,年度《中国军事力量年度报告》，中方对此有何评论？刘建超说，五角大楼这个报告充满冷战思维，重弹“中国威胁论”老调，刻意夸大中国军力和军费开支，是别有用心的。他说，中国人民热爱和平。中国奉行独立自主的和平
民间外交　更上层楼,2004-05-19,势力作斗争。针对国际上对中国发展产生的偏见，我们努力阐明中国人民热爱和平的一贯立场，批判所谓“中国威胁论”，目的就在于增强全世界人民的团结、共同维护世界和平的宏伟事业。求友谊之真务合作之实为响应胡锦涛
研究华裔　增信释疑,2004-05-18,实践相结合。谈到海外华人面临的问题时，王灵智说，近年来，由于中国国力不断增强，经济迅速发展，“中国威胁论”又开始抬头，一些国家对华人移民采取了怀疑和歧视政策。因此，海外华人研究会的工作，就是希望通过学
寻求共赢的平台,2004-04-26,亚洲的崛起和振兴作出新的贡献！与会的世界各地重量级人物，都赞同中国领导人的观点，并指出所谓的“中国威胁论”在中国的实际表现面前不攻自破。他们认为：中国的和平崛起，是亚洲和平崛起的一部分，这不仅意味着中
日本　“中国威胁论”退潮,2004-04-09,不多，日本《朝日新闻》著名专栏作家船桥洋一就已发表长篇述评认为，和平崛起政策旨在驳斥“中国威胁论”，而“中国威胁论”试图“诋毁中国的形象并阻止中国的崛起”。关于台湾问题，京都大学教授中西辉政在月刊杂志
美国　中国超越想象,2004-04-09,里产生了不平衡，有些人心里压根儿就不希望中国强大。于是有了所谓“中国威胁论”，把美国的就业、贸易等问题统统算到中国头上。散布“中国威胁论”以及跟着瞎叫的人，有的居心不良，有的纯粹不了解情况。这里有政治
世界眼里的中国,2004-04-09,”的占47．9％。日本民众对中国的“亲近感”并没有随着与中国交往的增多而增加。但日本媒体上的“中国威胁论”正在退潮。●非洲人：中国友好而神秘。对中国的了解，仅限于从“毛泽东”、“革命”到“改革开放”、
“有色眼镜”不好戴了（国际论坛）,2004-03-05,最近，日本主流媒体有关中国经济发展的报道发生了悄然变化。与以往“中国威胁论”相反，日本现在的不少报道开始认为，中国经济发展促进了日本经济的复苏，中国旺盛的市场需求已成为日本经济发展的重要动力。美国《新
解读1300亿美元（经济透视）,2004-01-05,直存在的“中日经贸合作造成日本产业空心化”、“中国输出通缩”等说法。我们对小泉首相关于不赞成“中国威胁论”的表态表示赞赏。中日年贸易已达上千亿美元的规模，存在一些问题和摩擦是正常的，借个别问题做文章，
主持人语,2003-12-11,度决策层就印度对华政策进行了新的思考，适时作了重大调整。多年来，“中国威胁论”一直是困扰中印关系的一个重大障碍。在印度，“中国威胁论”的幽灵时隐时现，少数人对中国怀有相当程度的疑虑。随着中印两国领导人
“中国是墨西哥很好的贸易伙伴”（出访归来）,2003-11-03,有很大的经济技术合作空间，要充分展开两国企业间的交流。他说，目前墨中贸易存在的逆差引发了某些“中国威胁论”的论调，在墨西哥一些中小企业界人士中产生了一定的影响。但罗哈斯先生以肯定的语气说：中国对墨西哥
警惕贸易保护主义（国际论坛）,2003-09-19,汇率。此外，驱动中国出口的重要动力之一，正是来自美国、欧盟和日本的外企公司。当前，改头换面的“中国威胁论”又以新的形式出现，目的在于拿中国产品和人民币汇率做文章，对中国的贸易政策和货币政策兴师问罪。从
中日经济关系合作大于竞争,2003-09-06,资。他指出，开展合作，需要增进相互了解，彼此信任。中日双方应当以双赢的思想开展中日合作。所谓“中国威胁论”、“输出通缩”等说法是缺乏根据的。中国并不具备影响世界市场价格和供求关系的能力。中国的出口相当
中国没抢美国人饭碗（经济透视）,2003-09-01,原本向美国出口产品的外国公司，如今转往中国进行生产产业转移产生了“迁移效应”。近一段时间，“中国产品威胁论”甚嚣尘上。美国有一些企业认为，中国成为出口大国对他们的生存构成了威胁。美国“拯救美国制造业（
理智的声音（国际论坛）,2003-08-27,李学江最近一年来，在美国制造业和舆论界涌起了一股颇为强劲的“中国产品威胁论”及“中国贸易顺差威胁论”的风潮，他们先是别有用心地将中国称之为“世界工厂”，随后便将自身经济不景气、中小企业倒闭、失业率高等
外交部发言人发表谈话,2003-08-12,新华社北京8月11日电　外交部发言人孔泉11日在北京批驳美国《华盛顿时报》刊登的格茨的文章“诋毁中国形象，散布‘中国威胁论’”。有记者问：美国《华盛顿时报》近日刊登格茨的文章称，最近有案例表明，中国政府利用在美留学的人
既必须紧紧抓住　又可以大有作为（学习十六大报告　贯彻十六大精神）,2003-04-14,周边国家的普遍欢迎。越来越多的国家认识到，中国是维护世界和地区和平、促进经济发展的重要力量。“中国威胁论”在降温，“中国机遇论”逐步兴起。我们做好周边工作，搞好同周边国家的关系有着坚实的基础。经济全球
希望继续发展马中关系,2003-03-01,一个大国，发展潜力巨大。中国人民勤劳、智慧，中国也将会成为一个经济强国。针对西方某些人散布的“中国威胁论”，马哈蒂尔指出，当中国在经济上富强之后，军事上也会加强，但这并不意味着中国将征服世界。中国是一
中国发展日本受益（记者专访）,2003-01-27,工作。主要研究领域为日元经济圈、中国经济改革和亚洲区域经济一体化等。他在谈到日本一度流行的“中国经济威胁论”、“中国出口通缩论”时表示，中国的经济发展水平和日本还有很大差距，日中经济之间是互补关系而非
日中贸易新目标：1500亿美元（记者专访）,2003-01-27,，日本企业对盗版和仿造现象意见较多。中国方面对此更加重视，法制建设不断完善。三是部分媒体对“中国经济威胁论”的炒作。但那些观点并不代表日本经济界的主流看法。记者：记得1995年您提出中日贸易要突破50
成思危介绍我经济发展情况,2003-01-26,、社会保障体制的改革、通货滞涨、金融体制改革等问题。　　成思危还驳斥了国际上有些人散布的所谓“中国威胁论”和“中国崩溃论”。　　成思危于22日抵达瑞士著名的滑雪胜地达沃斯出席世界经济论坛年会。他来到这
“中国输出通缩论”言不符实,2002-12-25,至关重要，单方面要求中国调整货币汇率，甚至散布“中国威胁论”或“中国输出通缩论”，不但于事无补，还会掩盖自身经济复苏乏力的真正原因。　　透过“中国威胁论”和“中国输出通缩论”等论调，可以看出某些人对中
“世界工厂论”的误导,2002-12-20,，而不应当贬抑或有意拔高，甚至以此来附和、诠释所谓的“中国威胁论”，误导舆论和歪曲真相。　　最近有日本经济学者在《日本工业新闻》上讨论“中国威胁论”的话题。他们认为，虽然有人把中国说成是“世界工厂”，
植根中国求发展,2002-12-02,匪浅。三家公司的国际战略都很重视中国。雀巢公司今年9月也在上海举行了全球董事会。”　　对于“中国经济威胁论”，出井明确表示不能赞同。他认为：“日本经济在战后实现快速发展，不单纯是由于日本自身的努力，还
中日经济关系的发展,2002-09-27,好处，中日经济关系已经成为整个中日关系中最活跃的部分，中日经济关系发展这个事实本身成为对所谓“中国威胁论”的最有力驳斥。　　放眼未来　　现在，信息产业界的人喜欢讲solution（解决方案），如何使中
缅怀先贤　继往开来,2002-09-26,重要意义。小泉祝贺中国取得的成就，并表示要为日中关系的进一步发展做努力。他再次明确表示不赞成“中国威胁论”，中国的发展不是威胁而是机遇，日本要进一步适应新时代的变化。　　年届八旬的中曾根前首相在掌声中
印尼工商界和友好社团盛宴欢迎李鹏,2002-09-11,任何国家构成威胁，而只会带来更多的合作机会。中国是东盟各国的好朋友、好邻居、好伙伴。那些制造“中国威胁论”的人是别有用心的，他们以此挑拨中国与友好国家关系的企图，是不会得逞的。　　全场又一次热烈鼓掌。
印尼工商界和友好社团盛宴欢迎李鹏,2002-09-11,任何国家构成威胁，而只会带来更多的合作机会。中国是东盟各国的好朋友、好邻居、好伙伴。那些制造“中国威胁论”的人是别有用心的，他们以此挑拨中国与友好国家关系的企图，是不会得逞的。　　全场又一次热烈鼓掌。
李鹏委员长发表讲话,2002-09-11,任何国家构成威胁，而只会带来更多的合作机会。中国是东盟各国的好朋友、好邻居、好伙伴。那些制造“中国威胁论”的人是别有用心的，他们以此挑拨中国与友好国家关系的企图，是不会得逞的。　　由于历史的原因，在印
“我对美中关系感到乐观”,2002-09-02,，也是布什时期的立场。美国政府不愿意看到台湾当局制造紧张和麻烦。　　斯卡拉皮诺既不同意所谓的“中国威胁论”，也不赞成所谓的“中国崩溃论”。他在评论这两种论调时，用的是同一个形容词：“过分夸张”，而且也
有识之士,2002-08-29,视作机会，而不是威胁。”　　近年来，国际上围绕中国经济繁荣是真是假的议论纷纷扬扬，居心叵测的“中国威胁论”也乘机冒了出来。从上述两篇文章的议论可以看出，一些有识之士对于中国的发展及其对世界的影响，自有一番公平客观的见解。
韩中伙伴关系前景美好,2002-08-23,始的。金夏中说：“中国正日益强盛，然而有不少外国人对中国却不甚了解，有些西方人甚至抛出了所谓‘中国威胁论’等。我想通过自己在中国的亲身经历和感受，用事实来说明中国的变化和发展。中国人的高尚品质之一是‘
近看森喜朗,2002-08-09,对于日本并不是威胁。日中两国企业通过在竞争中加强合作，将成为好伙伴。两国经济互补关系不断发展，中国威胁论就没有市场。正因为两国地理相近、人员往来频繁，所以难免不发生摩擦。重要的是双方以大局为重，加强对
陈水扁鼓吹“一边一国”是错判形势铤而走险,2002-08-07,，陈水扁此次之所以抛出“台独”言论，首先是他错估了国际形势。苏格分析说，近来西方反华势力鼓噪“中国威胁论”，陈水扁自认为台湾在美国全球战略棋盘上的地位在上升，分量在加重，有可以利用的因素，便乘机搞起小
迟浩田会见美国客人,2002-08-03,落实中美两国元首达成的有关共识，采取积极措施，推动两军的交往。　　迟浩田严正指出美国有人鼓吹“中国威胁论”、支持“法轮功”、扩大与台湾实质性军事交流的危害性，认为这些都将损害中美关系的健康发展。
我驻美使馆驳斥“中国威胁论”,2002-07-24,记者任毓骏报道：中国驻美国大使馆新闻发言人谢锋今天在此间举行的新闻发布会上指出，近来美国内一些人再次鼓吹“中国威胁论”，其目的是挑起中美对抗，破坏中美关系。恰恰是这些人对世界和平构成威胁。　　谢锋说，中国正在集中
旅美华人批驳“中国威胁论”,2002-07-22,记者何洪泽报道：美国著名华人组织“百人会”和美东地区主要华人社团近日分别发表声明和举行记者会，对美国国会和国防部的两个渲染“中国威胁论”的报告进行批驳，指出这不利于海峡两岸局势的稳定，也干扰了中美两国关系的发展。　　“百人会”在7
彻底消除“中国威胁论”危害,2002-07-18,中国驻美国大使杨洁篪16日在这里表示，要实现中美关系健康稳定发展，必须消除“冷战思维”的影响，必须彻底消除“中国威胁论”的危害。　　杨洁篪是在与华盛顿地区华侨华人和留学人员代表举行座谈会时说这番话的。他说，事实充分
醉翁又找借口,2002-07-18,国防部近日凭空捏造的“中国威胁论”。评论摘要如下：　　本月12日，美国国防部向美国会提交了《中国军事力量评估报告》。报告中，美国醉翁又在故伎重施，玩弄老套套，继续鼓吹“中国威胁论”，并说什么“中国用武
美右翼势力煽风点火  “中国威胁论”再度出笼,2002-07-17,胁到驻日美军以及日本与菲律宾。”这两个报告相继出笼不是偶然的。看来，美国右翼势力大有再次掀起“中国威胁论”之势。　　由美国国会民主、共和两党成员组成的“美中安全评估委员会”的报告长达200多页。报告说
外交部发言人答记者问,2002-07-17,会”发表了一份报告，该报告通篇充斥着过时的“冷战思维”，完全不符合事实，该报告毫无根据地渲染“中国威胁论”，不负责任地建议对中国实行贸易和技术封锁，其用心十分险恶。　　他指出，中国是一个热爱和平的国家
别有用心,2002-07-16,题，而是以他们自己的臆断为依据，别有用心地夸大中国军事力量的增长，试图将人们导向他们所预设的“中国威胁论”的陷阱中去。比如，中国2002年的国防预算本不足200亿美元，在全球各大国的国防开支中是最低的
中国崛起对日本是巨大机会,2002-07-11,国崛起将成为人类发展的重大事件，也是不可避免的历史发展趋势。对此始终存在两种不同的看法：一是“中国威胁论”，中国崛起威胁邻国或其他国家；二是“中国机会论”，即中国发展也为世界和其他国家带来新的机会。　
从“威胁论”到“崩溃论”,2002-06-11,刘小彪　　20世纪90年代初，西方曾出现过一股声势不小的所谓“中国威胁论”，什么文明的威胁、秩序的威胁、粮食的威胁、军事的威胁……不一而足。进入新世纪后，国际上又冒出“中国崩溃论”，西方的一些媒体也纷
“威胁论”从何而来,2002-06-04,吴德烈　　一段时间以来，日本国内的“中国威胁论”像瘟疫一样游荡。经财界、企业界少数人士及部分媒体散布中国“威胁”的论调甚嚣尘上。其实，以综合国力而论，中国的国内生产总值只相当于日本的1/4左右。日本的人均国内生产总值为3
睦邻合作  共求发展,2002-04-15,说中国人最了解日本，日本人最了解中国，但实际上相互还是缺乏了解。中国经济发展了，日本却出现“中国威胁”的论调。要妥善处理中日关系中的敏感问题，正如江泽民主席所说，一是要防患于未然，二是有了问题及时解决
澳中关系前景看好,2002-04-08,澳最大的旅游市场，这有助于两国人民之间更深的了解和更好的合作。“至于安全问题，我个人从不认同‘中国威胁’论。我每次演讲，都表示对中国的乐观。我说，中国最需要的就是和平，她需要一个较长期的国际和平环境进
美中关系对双方都很重要,2002-02-21,一问题上，双方也有共同利益。美国不希望看到中国的改革失败，不希望中国不稳定。害怕中国发展，有“中国威胁论”想法的人，在美国并不多。大多数人，包括美国政府，还是希望中国发展的。谁都能看到，“9·11”事
鼓吹“中国威胁论”是徒劳的,2002-01-17,　　新华社北京1月16日电 外交部发言人孙玉玺今天表示，鼓吹“中国威胁论”，既不符合事实，也是徒劳的。有记者问：据报道，美军太平洋总部司令近日称，多数亚太国家的军事力量是为了自卫，但中国等国的军事力量
怎样看待美国战略模式,2002-01-11,二，“9·11”事件使美国重新认定什么是它的主要威胁。尽管鼓吹“中国威胁论”的“蓝队”仍然存在，一有机会他们还会兴风作浪，但“中国威胁论”的市场已经小得多了，起码现在是这样。美国在威胁关注的轻重缓急上
日中民间交流热心人,2002-01-01,”不少企业家也有同感，认为眼见的中国与听说的中国不一样。　　记者：2001年日本部分媒体在“中国经济威胁论”方面大做文章，您对此有何看法？　　石川：我觉得这是部分媒体故意炒作，其背景是日本经济多年低迷
《华盛顿时报》用心险恶,2001-12-26,小报，仅在华盛顿地区发行，以立场保守、思想右倾而小有名气。近年来，这家报纸带头反华，大到宣扬“中国威胁论”，小到中国驻美新闻机构买房，该报都大做文章，把事情搅黄。　　今年4月24日，《华盛顿时报》发表
让历史铭记这十五年,2001-11-11,大开放。中国入世作出了两项庄严承诺：承诺遵守国际规则办事，承诺逐步开放市场，这不但有助于消除“中国威胁论”，为对外开放营造良好的国际环境，也有助于增加国外投资者的信心，不断完善投资环境，使中国经济成为
如何看待中国的发展,2001-08-31,更多、手更快的牛仔。　　最近，美国《外交政策聚焦》杂志刊登格什曼的一篇文章，文章用事实驳斥了“中国威胁论”一类说法，并明确指出，“亚洲和平与安全的重要危险依然是美国单边主义死灰复燃和美国对该地区政策军
日本如何面对亚洲邻国,2001-08-24,相信所谓的NMD神话，不如认真对待本地区的安全合作机制问题。现在，有些日本的战略专家利用所谓“中国威胁论”来煽动亚洲军备竞赛，这是非常错误的。从当今时代特征与日本国家利益来说，最紧要的东西并不是什么N
中俄关系史上的里程碑,2001-07-18,的关键因素。条约对边界领土问题和边境信任问题作了具体的规定。首先，针对国际、国内某些人散布的“中国威胁论”，双方声明，相互没有领土要求，双方遵循领土和国界不可侵犯的国际法原则，严格遵守两国间的国界，将
不负责任的论调,2001-06-07,"再借口所谓""中国威胁""来极力扩张自己的军力。1998年5月，印度当时的国防部长费尔南德斯大叫""中国威胁论""，随后便接连进行了5次核试验。印度此举不仅使国际社会普遍感到震惊，也使好不容易转好的中印关系出"
维安创举  合作楷模,2001-06-01,"人民以崇高的荣誉与使命。这是我国独立自主和平外交政策的一个成功范例。在""上海五国""机制面前，""中国威胁论""当不攻自破。　　我们欢呼""上海五国""的辉煌，讴歌和平、稳定、发展的硕果！　　我们预祝""上海五国""元首第六次会议圆满成功！"
韩国第一位中国博士,2001-05-25,的新外交战略实事求是，取得了巨大成效，体现了中国的大国地位和大国风度，并有理有据的批驳了所谓“中国威胁论”。近年来，李映周一直致力于中韩友好工作，为中韩的友谊添砖加瓦。1991年，李映周出任韩国浦项综
李肇星大使批驳“中国威胁论”,2000-12-29,　　据新华社华盛顿12月27日电　（记者谭卫兵、严锋）中国驻美国大使李肇星27日在这里举行的记者座谈会上指出，美国一些人捏造所谓“中国威胁论”是毫无根据的，中国的国防政策是防御性的，中国坚决反对侵略和威胁别国。他指出，中国今年的国防开支
李鹏会见纽约华侨华人、留学生和我驻美机构代表,2000-09-03,应加强对话，减少对抗，增进彼此的了解，在平等互利的基础上加强合作。”李鹏指出，现在又有人散布“中国威胁论”，这一论调完全是别有用心地捏造出来的。中国人民需要和平，需要一个和平的环境来建设自己的祖国。李
参与TMD计划的新口实（国际论坛）,2000-08-04,日本防卫白皮书的作者不顾中日两国关系的现实，不顾中日两国人民世代友好下去的愿望，公然祭起了“中国导弹威胁论”。日本一家报纸在社论中指出，日本“在冷战时代把苏联视作威胁，冷战后把朝鲜视作威胁，现在又添加
李鹏接受乌记者专访,2000-06-27,也决不搞霸权主义。现在有人故意夸大中国的实力，散布所谓“中国威胁论”，其实这些人骨子里并不希望中国强大。说中国是将来两极中的一极，同“中国威胁论”有些相似。当记者问到中国人民的生活有哪些变化时，李鹏说
美国调整南亚政策（新闻分析）,2000-03-20,年来，印度主动向美国示好，自称是世界上最大的“民主国家”和美国“天然的伙伴”，有些人大肆散布“中国威胁论”。美国也对印度另眼相看。印度核爆炸后，美国宣布对其实施制裁，实际上并未认真执行，后来就不了了之
鲜活语言（金台随感）,2000-03-02,　　1999年12月中旬，李瑞环同志在日本接受某电视台的访问时，批驳了国际上某些人散布的“中国威胁论”。李瑞环同志说，“判断一个国家是否构成威胁，不在于它发展快慢、是否强大，正像一个人是不是伤害别人，
中美关系稳定发展有利两国人民,2000-02-28,与台湾问题》白皮书是“挑衅”，可能引起台湾海峡地区局势的紧张。事实恰恰相反，正是他们鼓噪所谓“中国威胁论”，推动美国国会众议院通过所谓《加强台湾安全法》法案，向台湾大量出售先进武器，才使“台独”势力有
中国强烈反对《加强台湾安全法》法案,2000-02-16,联合公报中的承诺。第三，该法案授权美国军方对台湾海峡局势提交年度报告并作出军事反应，为错误的“中国威胁论”煽风点火。如果该法案成为美国的法律，它将进一步助长已十分嚣张的“台独”势力，增加海峡两岸发生军
李瑞环访问亚洲三国圆满成功,1999-12-16,革和建设，使有中国特色的社会主义事业充满勃勃生机。　　郑万通说，李瑞环在日本接受记者采访时对“中国威胁论”进行了有力的批驳。他指出，中国发展了决不会威胁别人。中国一贯奉行独立自主的和平外交政策。中国有
李瑞环在日本批驳“中国威胁论”,1999-12-14,会威胁别人，中国不发展倒会带来麻烦，中国的发展不可阻挡。　　李瑞环说：近年来，国际上有人散布“中国威胁论”，这是完全没有道理的。我认为，判断一个国家是否构成威胁，不在于它发展快慢、是否强大，正像一个人
日本应树立“二十一世纪的中国观”,1999-12-07,日中友好活动家、日中人才交流协会理事长林信太郎先生。　　林信太郎先生认为，日本应该改变现在的“中国威胁论”等陈旧的中国观，树立“信赖中国、期待中国富强”的“21世纪的中国观”，因为对于日本来说，中国走
无事生非  别有用心,1999-10-29,　中国一贯反对霸权，在世界上从不谋求霸权。这是有目共睹的。美国一些参议员再次炒作已被人唾弃的“中国威胁论”，目的是要使巴拿马运河主权的回归节外生枝，同时为美国将来干预巴拿马运河的事务寻找借口。这是明眼
贬低中国用意何在,1999-09-16,端观点无端攻击中国。可以认为，继“中国威胁论”以后，西方又出现了另一种对中国的极端看法：“中国无足轻重论”。　　进入本世纪90年代以来，西方世界开始盛行“中国威胁论”，其间也有一些对中国经济的夸大之词
中华民族利益的出卖者,1999-09-12,一个强大的中国，无疑是对分裂分子最有效的遏制，最有力的打击。于是李登辉呼应国际反华势力，鼓吹“中国威胁论”，千方百计防阻中国的兴起。　　今年五月，日本右翼分子中岛岭雄在台北的一个国际研讨会上，主张台湾
“取代真空”论可以休矣（述评）,1999-08-31,理由是，中国香港和记黄埔集团控制着巴拿马运河。人们不难看出，这位议员先生再次抛出了被人唾弃的“中国威胁论”，既露出了他的反华面目，也为美国将来可能借故重返巴拿马埋下伏笔。两年前，香港和记黄埔集团在一次
祝愿中国繁荣昌盛,1999-08-30,上某些势力宣扬的所谓“中国威胁论”，扎基驳斥道：“历史已经证明，中国从来就不是一个对外侵略和扩张的国家，即便在最强盛的时代也是如此。”“中国是个爱好和平的国度，所谓‘中国威胁论’不过是某些人的蓄意捏造
里程碑式的历史坐标（人民论坛）,1999-08-25,女巫般的预卜被铁的事实击得粉碎的今天，他们又慑于在改革和发展中迅速崛起的中国的强大，转而鼓噪“中国威胁论”，图谋推行“西化”、“分化”和“遏制”的新战略。这种既可笑又可悲的变化，恰恰是中国五十年沧桑巨
中国东盟关系新进展（国际论坛）,1999-07-30,家当中，只有中国准备在这一1997年已经生效的条约上签字。外电认为，中国的这一举动将使所谓的“中国威胁论”更站不住脚，中国与东盟国家的信任关系将进一步得到增强。另据日本《每日新闻》报道，在这次东盟外长
两岸关系发展的基石不容破坏,1999-07-23,国的“心里话”，首先是他错误地估计了形势。一段时间以来，西方一些势力大肆鼓吹“主权过时论”、“中国威胁论”、“人权大于主权论”等，李登辉认为，在这种情况下，正是抛出“两国论”的好时机。他以为，这种分裂
卑劣的反华闹剧,1999-06-04,地将中国“妖魔化”，其目的就是为了阻止中国的发展。他们以为，为了达到这个目的，与其泛泛地宣扬“中国威胁论”，不如制造与美国国家安全有关的核机密盗窃案更易于刺激国民的神经，蛊惑人心，获得轰动效应。但是，
我驻美公使驳斥所谓间谍案,1999-05-29,日公布的所谓“中国窃取美国核技术”的报告。他说，“考克斯报告”纯粹是捏造出来的，其目的是散布“中国威胁论”。刘晓明说，中国领导人和外交部一再声明，“中国从来没有窃取过美国任何技术，也从来没有在美从事任
考克斯报告用心险恶（国际论坛）,1999-05-28,宫不完全同意报告的所有分析。实际上，这个报告的别有用心，人们是不难看出的：与其宣扬子虚乌有的“中国威胁论”，不如制造与美国国家安全有关的核机密盗窃案更易于蛊惑人心，获得轰动效应。但是，历来谎言都是太阳
美方公布的“考克斯报告”极其荒谬,1999-05-26,”不放。他们对中国充满了敌视和偏见，借炮制“考克斯报告”，演出了一幕幕反华闹剧，千方百计散布“中国威胁论”，破坏中美两国人民的友好关系。朱邦造指出，不久前，以美国为首的北约袭击了中国驻南斯拉夫联盟共和
最有力的回击（人民论坛）,1999-05-14,的事件；而是以美国为首的西方反华势力对我推行西化、分化战略的一个重要步骤。从他们精心炮制所谓“中国威胁论”，到公然提出“遏制中国”的理论，可以清楚地看到：第一，以美国为首的一些西方反华势力对于一个欣欣
李瑞环主席发表演讲,1999-05-13,们绝不会放弃原则，因为这是我们的传统，也是我们的品格。李瑞环强调，中国的发展对世界有利。所谓“中国威胁论”不过是某些人妄图遏制中国的一个借口。这些人不愿看到中国走自己选择的道路，不希望中国摆脱贫困走向
南亚军备竞赛堪忧（综述）,1999-04-17,导弹前，除向巴基斯坦政府做了通报外，还向美、英、法、俄4个安理会常任理事国通报了消息。而由于“中国威胁论”仍在作祟，中国只能是印度试验中程导弹的借口，印度妄称其是对“中国部署针对印度导弹”作出的反应。
欢迎你，朱总理（通讯）,1999-04-16,势互补的。听众不由自主地表示赞叹。访美期间，朱总理多次用活生生的事实批驳所谓的“中国威胁论”。他说，应该把“中国威胁论”改为“中国机遇论”。这一观点正在得到美方人士的认同。他们表示，美国应该就中国加入
朱镕基总理在纽约发表演讲,1999-04-15,认为，中国在环保、能源、电信等方面可以给合作方提供广大的市场。朱总理说，所谓的“中国威胁论”是毫无根据的，“中国威胁论”应当改为“中国机遇论”。中美应该是合作的伙伴。朱总理说，美国确实有不少先进的管理
要政治对话　不要军备竞赛（国际论坛）,1999-04-15,印度竟然故伎重演。在试射导弹前，印度一些报刊蓄意制造所谓中国部署对准印度的导弹的神话，仍打着“中国威胁论”的幌子，为其试射导弹制造借口。印度导弹试射之后，印度国防部长费尔南德斯得意扬扬地宣称，印度导弹
朱镕基总理出席美七团体欢迎晚宴,1999-04-11,则就可能出现东南亚国家发生金融危机的情况。朱总理还批驳了所谓的“中国威胁论”。他指出，中美两国不应成为对手，而应成为伙伴。“中国威胁论”应当改为“中国机遇论”。美国企业家应该看清中国经济发展的广阔前景
珍惜来之不易的中美关系（述评）,1999-04-03,关系改善或两国采取重大的积极步骤时，美国某些想遏制中国发展的人就会跳出来捣乱，散布形形色色的“中国威胁”论，造谣滋事，蛊惑人心，为中美关系的健康发展设置障碍。诬称中国“窃取”美国核技术是这次反华浪潮的
让事实说话,1999-03-23,本加厉地散布谣言，企图利用美国公众的恐核心理进行煽动，在“国家安全”问题上大做文章，大肆渲染“中国威胁论”。他们的用心世人皆知。学者们说，尽管冷战已结束近十年，但美国内还有一部分人死抱着冷战思维不放，
美媒体驳斥所谓“核盗窃案”,1999-03-18,论指出，对中国盗窃美国核技术的指控是“荒谬地夸大其辞”，所谓的“中国间谍案”是建立在大力鼓吹“中国威胁论”的基础之上的，是“不理智”的。评论说，在过去一个世纪中，美国一直干涉中国内政，但它却总是把自己
驳斥“中国窃取美核技术”谬论,1999-03-16,两国关系的发展出现并保持了良好的势头。这些人又不高兴了，便寻机滋事，以种种借口再次渲染所谓的“中国威胁论”，破坏两国正常的科技交流和合作，企图阻碍两国关系的健康发展。这些人无视基本事实，无视中美两国人
逆潮流的反华噪音（述评）,1999-03-16,对美国进行正式访问，美国出现这股反华逆流，是毫不奇怪的。不难看出，美国少数人的反华言行都源于“中国威胁论”，是从这根朽木上长出的毒草。美国某些人满脑子“冷战思维”，非常不习惯没有敌手的世界，即使一时没
中美建交二十周年纪念会举行,1999-01-18,任，在处理国际事务方面进行了卓有成效的合作，但是还有一些困难和挑战。他驳斥了美国个别人散布的“中国威胁论”，指出所谓“中国窃取美国技术”和“镇压政治异己”的指控是毫无根据的。他说，中美两国正致力于建立
又一场反华闹剧,1999-01-08,对世界和平与发展的贡献更大了。这使中国人民感到自豪和骄傲。然而，这却成了美国反华势力百般制造“中国威胁论”的借口。美国总有这么一些人置和平与发展的时代潮流于不顾，热衷于抱残守缺，念念不忘冷战思维。他们
达赖集团仍在玩弄分裂祖国阴谋,1998-12-26,散布所谓中国在西藏部署针对印度的核武器的谣言。这纯属无稽之谈，不值一驳。此类谣传实际上是所谓‘中国威胁论’的另一翻版，谣言的散布者用心是不良的。”在采访中，周刚大使还详细阐述了中国政府对西藏问题的一贯
成就显著  前途辉煌,1998-12-14,人合作出版的《巨龙———中国的未来》一书客观地分析了中国的发展和中美关系的变化，批驳了西方的“中国威胁论”，在美国产生了很大的影响，并被译成中文在中国出版。应记者的要求，伯斯坦先生畅谈了他对中国改革开
向世界说明中国,1998-09-03,书一经发表，立即在全世界引起强烈反响，认为白皮书展示了一个爱好和平的中国的形象，有力地驳斥了“中国威胁论”；爱好因特网的读者知道，国务院新闻办开设的“中国国际互联网新闻中心”站点内容丰富多彩，形象生动
美国朝野“中国观”的变化,1998-06-23,越大。其次，美国某些人所渲染的“中国威胁论”近年来已有所降调。美国曾是“中国威胁论”的始作俑者和鼓吹者，而且至今仍有人在弹“中国威胁论”的老调。但整体而言，“中国威胁论”在美国已悄然降调。部分政界、学
加深相互了解  扩大战略共识,1998-06-16,印象。除了少数抱强烈偏见的人以外，也会看到中国的人权状况有了很大改善。那些不断中伤中国、宣扬“中国威胁论”的人，往往是那些自以为“足不出户便知天下事”的舆论炒作者，或者是利用部分美国人的无知或狭隘的民
迟浩田同越南国防部长会谈（友好往来）,1998-06-11,国际和地区形势时，迟浩田说：最近南亚地区局势紧张是由于个别国家蓄意制造“中国威胁论”和挑起核军备竞赛所造成的，所谓“中国威胁论”是别有用心和毫无根据的无稽之谈。中国政府对目前南亚地区出现的核军备竞赛局
危险的南亚核竞赛（国际论坛）,1998-06-05,，印度进行了５次核试验，并声称“取得了核大国的资格”。为了给核试验找借口，印度官员重弹所谓的“中国威胁论”的老调，并公然对邻国巴基斯坦进行威胁。５月２８日至３０日，巴基斯坦作为对抗措施，进行了６次核试
日报纸赞扬中国大国风范,1998-05-28,爆发后，中国领导人以“人民币不会贬值”的承诺赢得了亚洲乃至欧美各国的欢迎。文章说，印度本月以“中国威胁论”为借口，连续５次进行核试验，中国虽然对此表示强烈不满，但并没有采取任何对抗措施。文章接着说，中
迟浩田会见德国客人,1998-05-23,对。他说，前不久，印度在短短的时间内进行了５次核试验，目的是企图在南亚称霸。印度某些人鼓吹的“中国威胁论”是毫无根据的。巴格尔说，印度进行的核试验不利于地区稳定，只会起破坏作用，德国对此表示了强烈谴责
傅全有与德国军队总监会谈,1998-05-22,度的行径违背历史潮流，将对南亚地区乃至世界的和平与稳定带来严重后果。印度某些别有用心的人鼓吹“中国威胁论”，完全是为其发展核武器寻找借口。巴格尔表示，德国反对并谴责印度进行核试验。他说，德国认为印度的行为破坏了南亚地区的稳定。
印扬言对巴采取行动  准备爆炸更多核装置,1998-05-20,包括美国在内的有关国家应取消制裁，立即与印度谈判。费尔南德斯还引述大量议会文件、国防报告为其“中国威胁论”辩解，称其他印度领导人都持相同立场。本报新德里５月１９日电 记者李文云报道：据今天印度《金融快
李瑞环会见意参院议长（指出有人散布“中国威胁论”别有用心）,1998-05-20,领域的合作，为使２１世纪成为和平与发展的世纪而共同努力。在谈到所谓的“中国威胁论”时，李瑞环说，现在国际上有些人散布“中国威胁论”，这是毫无根据的，是别有用心的。中国近年来经济有了发展，国力有了增强，
历史不容否认  事实胜于雄辩,1998-05-19,，这更激起举世公愤，印度当局的倒行逆施使自己陷入了空前孤立的境地。处于困境的印度领导人以为散布中国威胁论很有用，但又实在找不到现实依据，便绞尽脑汁，搬出陈年旧事，试图混淆视听。印度总理在给美国总统的信
称霸南亚的图谋,1998-05-15,而驰。更为恶劣的是，印度竟然把它肆无忌惮发展核力量归罪于中国。在核试验前后，印度政要一再散布“中国威胁论”。先是国防部长费尔南德斯胡说中国是印度“潜在的头号威胁”，为印度核试验找借口；后是印度主要领导
我驻印使馆批驳“中国威胁论”,1998-05-13,馆举行新闻发布会，批驳了最近印度国内有人一再散布的所谓“中国威胁论”，重申了中国和平独立的外交政策。林尚麟说，印度有人执意散布所谓“中国威胁论”，对中国进行造谣中伤。这毫无事实根据，不仅极大地伤害了中
印舆论突出报道我发言人表态,1998-05-07,记者李文云报道：今天，印度多家大报纷纷在头版头条位置，突出报道我外交部新闻发言人对印国防部长“中国威胁论”的正式表态。《印度时报》的报道说，总理办公室官员５月５日澄清，国防部长的观点并不代表印度政府的
『邓公要我写书』（记者专访）,1998-05-06,最近在美国出版的关于中国问题的专著《巨龙》。他在这本书里阐述了同《即将到来的美中冲突》之类宣扬中国威胁论的言论不同的观点。他认为，中国在下个世纪２０年代中期会成为一个在政治、经济、军事、文化等方面史无
谈谈《巨龙》一书（国际论坛）,1998-04-24,吁中美之间“最大限度地”开展合作，把冲突发生的可能减少到“最低限度”。联想到近年来喧嚣一时的“中国威胁论”乃至中美即将发生冲突的谬语，可以说，《巨龙》的出版，反映了美国舆论界在经历了一系列的动荡后，有
在前进中开拓  在开拓中前进,1998-03-04,５日—２７日 李瑞环访问柬埔寨、缅甸、马来西亚、新加坡、泰国五国。他在泰国答记者问时，对所谓“中国威胁论”进行了深入的批驳。一九九六年１月１日 全国政协举行新年茶话会，江泽民、李鹏、乔石、李瑞环、朱镕
在前进中开拓  在开拓中前进,1998-03-04,５日—２７日 李瑞环访问柬埔寨、缅甸、马来西亚、新加坡、泰国五国。他在泰国答记者问时，对所谓“中国威胁论”进行了深入的批驳。一九九六年１月１日 全国政协举行新年茶话会，江泽民、李鹏、乔石、李瑞环、朱镕
李鹏接受美国《中国新闻》英文月刊记者采访,1998-02-05,对世界的庄严承诺，也是我们国家的性质所决定的。中国不对任何国家和任何地区构成威胁。有些人散布“中国威胁论”是别有用心的。中国的军事力量完全是防御性的，“人不犯我，我不犯人”。问：中国如何看待当前世界格
李鹏接受美国《中国新闻》英文月刊记者采访,1998-02-05,对世界的庄严承诺，也是我们国家的性质所决定的。中国不对任何国家和任何地区构成威胁。有些人散布“中国威胁论”是别有用心的。中国的军事力量完全是防御性的，“人不犯我，我不犯人”。问：中国如何看待当前世界格
着重阐述中国国防政策,1998-02-05,求共同发展是新时期各国维护自身和地区安全的正确途径。他说，近些年来，国际上有人不断散布所谓的“中国威胁论”。散布这些谬论的人是别有用心的，他们企图在外交上离间中国同邻国的关系，损害中国的国际形象，牵制
中美国防部长会谈,1998-01-20,地区乃至世界和平、稳定和繁荣的积极因素。迟浩田指出：“但是，现在国际上有人在一些场合不断散布‘中国威胁论’，把中国的经济发展和正当防御需要的军队现代化建设视为本地区的不稳定因素之一，这是毫无根据的。”
我军对外交往活跃的一年,1997-12-26,立自主的和平外交政策和防御性的国防政策已为越来越多的国家和军队所认识和理解。西方某些人散布的“中国威胁论”已经越来越没有市场了。党的十五大胜利召开，为我们做好新时期军事外交工作提出了更高的要求。我们要
多极化进程加快  中国外交成果丰硕（年终专稿）,1997-12-18,秩序，在国际事务中发挥着建设性的作用。现在国际上有人把中国经济的发展看成为“威胁”，制造所谓“中国威胁论”，这是毫无根据的。衡量一个国家是致力于维护世界和平还是搞扩张主义，首要的是看其奉行什么样的政策
了解中国的重要视角（通讯）,1997-11-03,，部分原因是美国人对中国的行为方式和文化传统不了解。他们往往以美国的标准衡量中国事物。所谓的“中国威胁论”、“与中国冲突不可避免论”、“文明冲突论”等等，更使美国人对中国的认识陷入了一个个误区。上午１
十五大举行记者招待会,1997-09-16,维护和促进世界和平的，为此表达了良好的愿望，也采取了具体行动，我认为这是对西方有人散布的所谓“中国威胁论”一个有力回击。我和我的战友们坚决支持，完全拥护。有记者问：十五大代表中妇女的比例是１６．８％，
全面开创九十年代外交新局面（展示新成就  迎接十五大成就篇）,1997-09-06,出了积极贡献。中国在各种场合重申了中国的防御性国防政策，有力批驳了国外极少数人蓄意散布的所谓“中国威胁论”。全方位外交服务于国家经济建设冷战以后，经济因素在国际事务中的作用日益突出，各国都把战略重点转
全面开创九十年代外交新局面（展示新成就  迎接十五大成就篇）,1997-09-06,出了积极贡献。中国在各种场合重申了中国的防御性国防政策，有力批驳了国外极少数人蓄意散布的所谓“中国威胁论”。全方位外交服务于国家经济建设冷战以后，经济因素在国际事务中的作用日益突出，各国都把战略重点转
李鹏接受新加坡媒体专访,1997-08-27,的政治与经济联系，使中国在发展本身经济力量的同时不会让邻国有所顾忌？答：你这个问题涉及所谓的『中国威胁论』。中国很清醒地知道。改革开放以来，中国以百分之九以上的速度在发展，而且这一发展的势头还将继续保
马来西亚最高元首会见李鹏总理,1997-08-23,能相互支持、密切合作，彼此之间的理解和共识日益增多。李鹏总理高度赞扬马哈蒂尔总理多次公开驳斥“中国威胁论”，并在人权问题上给予中国明确支持。李鹏总理说，中马关系已进入一个成熟的全面发展时期。我们愿同马
马来西亚最高元首会见李鹏总理,1997-08-23,能相互支持、密切合作，彼此之间的理解和共识日益增多。李鹏总理高度赞扬马哈蒂尔总理多次公开驳斥“中国威胁论”，并在人权问题上给予中国明确支持。李鹏总理说，中马关系已进入一个成熟的全面发展时期。我们愿同马
芒罗又在乱弹琴（国际论坛）,1997-08-23,没有能力、更没有兴趣去威胁谁。最近访华的美国总统国家安全事务助理伯杰明确表示，美国政府不赞同“中国威胁论”，认为一个强大而不是弱小的中国对世界更有利。而芒罗却在东京大谈中国有“野心”，“企图在亚洲称霸
李鹏总理就国内与地区问题答问,1997-08-23,，我们奉行的是独立自主的和平外交政策。中国是维护地区和世界和平的重要力量。世界上有一些人散布“中国威胁论”，这是毫无根据的。中国集中精力进行经济建设，特别需要一个稳定的周边环境，即使中国经济得到更大的
寻找人类共同的精神土壤,1997-08-23,眼光看长征。走上长征路之前，他脑子里带着许多问题。他看到西方舆论经常提到中国的人权、知识产权、中国威胁论等问题，而中国舆论却提到经济发展、人民生活提高等问题，他不肯盲从这些观点，他要像毛泽东先生所说的
国际社会盛赞我改革成就,1997-08-21,关系学教授并曾两次访华的孔楚部长对中国十几年来的飞速发展赞叹不已。针对国际上某些人散布的所谓“中国威胁论”，孔楚指出，中国的发展与强大“是保证人类在今后一段时期内和平与稳定的基础。因此，中国的发展对世
梶山坚持日美防务范围包括台湾  泰菲舆论谴责日本威胁中国主权,1997-08-21,两国的防卫合作范围“理所当然地包括台湾海峡”的言论，与日本出现的美化侵略战争、别有用心地宣扬“中国威胁论”的危险倾向一脉相承。他公然把中国领土台湾列入日美防卫合作范围，是对中国主权和安全的威胁，因而理
李鹏会见伯杰,1997-08-13,主义道路发展下去。这一历史进程不可逆转。李鹏指出，包括美国的一些人在内，国际上仍然有人在散布『中国威胁论』，这种论调是毫无根据的。中国经济虽然发展很快，但中国毕竟是一个有十二亿人口的发展中国家，要达到
根本的任务（展示新成就  迎接十五大  学习篇（2））,1997-08-06,世界不得不刮目相看。中华民族创造了前所未有的辉煌。昔日，曾因贫穷而嘲笑我们的人，今天开始散布“中国威胁论”。这一变化如果撇开不怀好意的人的政治目的不谈，其折射出来的不正是中国的变化？我们已初步实现目标
根本的任务（展示新成就  迎接十五大  学习篇（2））,1997-08-06,世界不得不刮目相看。中华民族创造了前所未有的辉煌。昔日，曾因贫穷而嘲笑我们的人，今天开始散布“中国威胁论”。这一变化如果撇开不怀好意的人的政治目的不谈，其折射出来的不正是中国的变化？我们已初步实现目标
迟浩田会见日本客人,1997-07-17,美安全保障条约表示关注。他说，遭受过日本军国主义侵略的国家和人民对此十分敏感。他驳斥了所谓的“中国威胁论”，他说这种论调是“彻头彻尾的谎言”。他还向日本客人介绍了中国情况。加藤一表示，日中邦交正常化２
与中国共处美对华政策的明智选择（记者专访）,1997-07-07,等人最近合作完成了《与中国相处———２１世纪的中美关系》一书，即将于今年９月出版。这本书批驳了中国威胁论，对中美间存在的问题及产生的根源进行了较客观的分析，并就构筑２１世纪中美关系提出了许多建设性建议
世代弘扬中华和合文化精神,1997-06-28,重视的是，国外一直有一种所谓的“文明冲突论”，攻击中华文化具有扩张性。这种说法事实上为所谓的“中国威胁论”提供了思想基础。我奉劝提出这些论调的人士一块来研究一下中华和合文化，以中华和合文化为精髓和主要
敦促众议院批准  延长给中国最惠国待遇  要求企业界促成  延长给中国最惠国待遇,1997-06-14,之间的战略对话”。据新华社纽约６月１１日电 （记者周锡生）美国《新闻周刊》继上周发表社论驳斥“中国威胁论”之后，本周又发表题为《如何看待中国》的署名评论。文章告诫美国政府，应该对中国采取现实主义的政策
李瑞环欧洲三国之行圆满成功,1997-06-13,间为人类社会作出更多的贡献。朱训说，目前国际上某些别有用心的人散布所谓“中国威胁论”，对此，李瑞环主席严正指出，所谓“中国威胁论”是完全没有根据的。历史上中国饱受帝国主义列强的侵略欺凌，并为反抗这种侵
美中关系是亚洲稳定关键,1997-06-11,在外。这种做法是“有害于美国国家利益的”，因为美中关系是亚洲稳定的关键。基辛格还驳斥了所谓的“中国威胁论”，认为这种把中国当作“侵略国家”的做法是极其危险的。谈到香港回归问题时，基辛格认为中国将会把“
公道话（述评）,1997-06-11,待遇，失分的将是美国。《美国新闻与世界报道》前不久也发表了该刊主编朱克曼撰写的社论，驳斥所谓“中国威胁论”。社论认为，遏制中国或与中国对抗不符合美国的利益。在当前美国国内关于延长中国最惠国待遇和中美关
李瑞环会见金克尔,1997-06-10,国不可分割的组成部分的立场。李瑞环对此表示赞赏。在谈到国际上某些人散布所谓的“中国威胁论”时，李瑞环指出，所谓“中国威胁论”是完全没有根据的。中国自１８４０年后的１００多年中饱受帝国主义列强的侵略欺凌
九十九年后的感慨,1997-06-09,既然我们能够在几十年内，走完西方列强用二三百年才走完的路，我们又有什么理由不乐观呢？至于所谓“中国威胁论”云云，我想，不管说的人出于什么动机，这种说法只不过是“以小人之心度君子之腹”罢了。中国人的传统
中国不对美国构成威胁,1997-06-09,（记者朱振国）美国有影响的两家时事政治周刊《美国新闻与世界报道》和《新闻周刊》最近分别发表社论，批评“中国威胁论”。社论指出，中国无论在经济上还是军事上都不对美国构成威胁，与中国对抗的政策不符合美国利益。《美
『香港繁荣稳定符合美国利益』（香港回归）,1997-06-04,香港的稳定繁荣将来会成为发展美中关系的一个推动因素，而不是抑制因素”。在谈到美国某些人散布的“中国威胁论”时，基辛格说：“我认为美中双方都应作出特别努力来加强合作关系。如果我们老是谈论‘威胁’，就会制
迟浩田会见澳大利亚客人,1997-05-27,稳定和繁荣具有重要意义。迟浩田还向客人介绍了中国改革开放和经济建设情况以及国防政策，并批驳了“中国威胁论”。费希尔说，澳大利亚重视发展与中国的关系，澳大利亚的未来与中国的未来、与亚太地区的未来紧密相联
中国是东盟的好邻居（记者专访）,1997-05-22,功，这将使中国成为２１世纪的强国。对中国的日益发展强大，西方某些人感到不舒服。一个时期以来，“中国威胁论”的鼓噪声不断。当记者就此问题请巴达维外长谈谈看法时，他说，马来西亚一直认为中国不会威胁别国。中
美国患了“敌人缺乏症”（外论摘要）（———美《国家利益》杂志主编哈里斯驳斥“中国威胁论”）,1997-05-21,编者按：美国《国家周报》１９９７年５月号刊登《国家利益》杂志主编欧文·哈里斯撰写的一篇题为《反华综合症》的文章，现摘要如下，标题为编者所加：自冷战结束以来，许多美国人患起了“敌人缺乏症”。毕竟，多年来，他们一直有一个明确、可怕而且是公认的敌人。这个敌人为思考对外政策提供了一个容易掌握的组织原则；这个敌...
站在全局看丰收,1997-05-20,届时世界上将没有人能养活中国人。善意的人开始担心中国的粮食安全问题，别有用心者则借机大肆散布“中国威胁论”。中国向世界表明，我们完全有能力自己解决吃饭问题。新中国成立以来，我们用占世界７％的耕地，养活
站在全局看丰收,1997-05-20,届时世界上将没有人能养活中国人。善意的人开始担心中国的粮食安全问题，别有用心者则借机大肆散布“中国威胁论”。中国向世界表明，我们完全有能力自己解决吃饭问题。新中国成立以来，我们用占世界７％的耕地，养活
江泽民会见马来西亚外长,1997-05-17,，马来西亚和东盟始终把中国当做好朋友，好邻居，从不认为中国的强大会对地区和平构成威胁。那些持“中国威胁论”观点的人，主要是出于对中国的无知。他说，马来西亚和东盟都认为，中国的发展将对本地区的和平、稳定
中国不会对其他国家造成威胁,1997-05-16,成威胁”。这是巴达维外长今天在北京发表演讲时说的。一个时期以来，外国某些新闻媒体别有用心地散布中国威胁论。马来西亚领导人包括巴达维外长一再说中国不会威胁其他国家，这次巴达维强调了这一说法。在题为《中国
江主席接受法《国际政治》杂志采访,1997-05-14,不了贫穷落后的状态，那才是对世界的稳定极为不利的。西方有些人蓄意夸大中国的经济实力，散布所谓『中国威胁论』，这是完全错误的。中国的改革开放和现代化建设，需要一个长期稳定的国际和平环境。即使中国将来强大
江主席接受法《国际政治》杂志采访,1997-05-14,不了贫穷落后的状态，那才是对世界的稳定极为不利的。西方有些人蓄意夸大中国的经济实力，散布所谓『中国威胁论』，这是完全错误的。中国的改革开放和现代化建设，需要一个长期稳定的国际和平环境。即使中国将来强大
江泽民畅谈中美关系及台港等问题,1997-05-10,费开支和军备水平是很低的。中国从来没有“扩张”的意图。至于有些人以“冷战思维”杜撰出来的所谓“中国威胁论”，相信包括美国人民在内的世界各国人民对这样的论调，是能够作出正确判断的。在谈到朝鲜问题时，江泽
江主席会见安南秘书长,1997-05-09,张，这是中国坚定不移的国策。将来中国的经济发达起来了，这一政策也不会改变。国际上有人所鼓吹的“中国威胁”论是毫无根据的。中国的稳定与繁荣，不会对任何国家构成威胁，只会对世界和平与发展作出更大贡献。江主
建立面向二十一世纪的中美关系,1997-05-01,能不指出，在中美关系的发展进程中，也不时听到一些不协调的声音，出现这种或那种干扰。有一种所谓“中国威胁论”的说法，似乎中国已取代前苏联成为对美国的主要威胁。有人预言，中国和美国将走上对抗的道路，甚至走
正确的政策调动了亿万农民积极性,1997-04-28,，地方储备也普遍增加。手中有粮，心中不慌。这是国家粮食安全的有力保障，对近两年国际上流传的“中国粮食威胁论”也是一个有力的回答。粮食连续丰收的意义还在于，大大解放了人们的思想，增强了我们在２０００年登
危言耸听的拙劣之作,1997-04-23,平今年２月，美国出版了一本名为《即将到来的美中冲突》的书（以下简称《冲突》）。书名十分扎眼，其实并无新意，无非是些道听途说，重弹“中国威胁论”的老调。该书的一个中心论点是，中国作为“正在崛起的亚洲霸主”，“企图取代美国在亚洲占统治地位”
江主席接受俄罗斯记者采访,1997-04-18,些人广泛传播的所谓“中国威胁论”时，江主席说，世界上有人不高兴看到中国的强大，说什么中国发展强大起来后，就会对别国进行威胁，鼓噪对中国要实行“遏制”。说穿了，散布所谓“中国威胁论”的目的在于挑拨中国和
笨拙的谎言,1997-04-18,？可见，作者的论点是何等的不值一驳。难怪该书一出版，就受到美国一些学者的批驳，指出该书提出的“中国威胁论”的观点，是“危言耸听”，作者分析中国问题所依据的材料不当，判断中国在国际上的意图时“很草率”。
刘华清会见俄罗斯国防部长,1997-04-16,取得多大发展，我们都不会去威胁别人，而只会对世界的和平与稳定作出更大的贡献。国际上少数人散布‘中国威胁论’，纯属无稽之谈。”罗季奥诺夫说，俄中是伟大邻邦，建立和发展两国面向２１世纪的战略协作伙伴关系完
刘华清会见法国防部长,1997-04-09,界的和平与稳定。刘华清还向客人介绍了中国所奉行的防御性国防政策，并驳斥了国际上少数人所散布的“中国威胁论”。他重申中国发展国防军事力量，完全是为了自卫。米永说，去年９月，他在巴黎同当时访问法国的刘华清
迟浩田同法国国防部长会谈,1997-04-08,所奉行的防御性国防政策和军队建设情况以及中国改革开放所取得的成就。他指出，国际上有少数人散布“中国威胁论”，目的是离间中国同邻国的关系，牵制中国的发展。米永说，他作为法国第一位国防部长访华感到非常高兴
李鹏会见美国众议长金里奇,1997-03-29,别是良好的周边环境。中国奉行睦邻友好政策，同所有邻国保持着良好的合作关系。国际上有人散布所谓“中国威胁论”，这是毫无根据的，至少是对中国情况的无知或误解。中国不威胁任何人，也不谋求所谓的“势力范围”，
迟浩田会见巴林客人,1997-03-28,好合作关系向前发展。迟浩田还向客人们介绍了中国的国内情况以及防御性的国防政策，并批驳了所谓的“中国威胁论”。拉希德说，中国是维护世界和平与稳定的重要力量，他此次访华旨在进一步促进巴中两国、两军的友好合
迟浩田同葡萄牙国防部长会谈,1997-03-26,看法以及中国的外交和国防政策。迟浩田说，中国的国防政策完全是防御性的。国际上有少数人不断散布“中国威胁论”，他们这样做是为了蛊惑人心，离间中国与邻国的关系，损害中国的形象，牵制中国的发展。他说，众所周
“我所了解的中国……”,1997-03-26,流，加深了解，不断促进双边关系的全面发展，因为这符合两国人民的利益。至于西方少数人散布的所谓“中国威胁论”，麦戈文认为这是一种基于１９世纪观点的过时论调。现在，国家之间和地区之间的经济联系越来越紧密，
美国学者批驳《冲突》一书（指出『中国威胁论』是危言耸听）,1997-03-21,新华社纽约３月１９日电 美国的一些专家学者最近发表评论，批评最近在美国出版的《即将到来的美中冲突》一书提出的“中国威胁论”观点，认为那是“危言耸听”，将助长美国一些人对中国发出“冷战式的歇斯底里”。《冲突》一书是由《
依法加强和巩固国防,1997-03-19,国防政策上升为法律，是指导和规范今后国防行为的重要法律准则。《国防法》的这些规定，对于所谓的“中国威胁论”给予了有力的驳斥和回击。记者：您曾提到，邓小平建设有中国特色社会主义理论是起草《国防法》的重要
危言耸听,1997-03-13,的手法，妄图把中国“一棍子打死”。两位作者炮制的许许多多荒谬的论点，实质上是在美国喧嚣一时的“中国威胁论”的翻版，根本不值一驳。俗话说：聪明反被聪明误。两位作者自以为得计，以为凭借一本瞒天过海的小书、
钱其琛答中外记者问,1997-03-08,。中国和美国没有发生冲突的可能，除非美国对中国的领土和主权完整进行侵犯。美国出现的上述思潮是“中国威胁论”的进一步翻版。中国对美国的政策就是增加信任、减少麻烦、开展合作、不搞对抗，这是江泽民主席在克林
钱其琛答中外记者问,1997-03-08,。中国和美国没有发生冲突的可能，除非美国对中国的领土和主权完整进行侵犯。美国出现的上述思潮是“中国威胁论”的进一步翻版。中国对美国的政策就是增加信任、减少麻烦、开展合作、不搞对抗，这是江泽民主席在克林
对外交往大有可为,1997-03-04,特优势。去年举办的“展望二十一世纪论坛”会议，不仅在国内而且在国际上反响很大。会议上，对诸如“中国威胁论”、“中国粮食问题威胁论”和其它一些国际重要热点话题，许多高层人士都提出了较为准确的看法，这些对
台湾问题是核心问题,1997-03-01,解体，也由于自从改革开放以来，中国经济始终以超过或者接近两位数的速度增长。近几年来出现了一种“中国威胁论”的论调，甚至有人危言耸听地说像中国这样的儒教国家要同伊斯兰教国家联合起来组成反对以美国为首的西
美为增强海外驻军寻找借口,1997-02-10,朝鲜《劳动新闻》今天发表评论指出，美国强硬保守势力最近大谈“朝鲜半岛和海湾地区同时爆发战争”的可能性和所谓“中国威胁论”，其目的就是为强调它在海外驻军的必要性，实施其称霸世界战略而制造借口。评论说，美国凭借实力称霸
在世界经济论坛中国专题讨论会上中国经济发展备受关注,1997-02-02,论会上一日本代表提出的有人担心中国的发展和强大可能带来危险的谬论，普里斯托维兹表示，不应散布“中国威胁论”，美国和日本都应明确表示中国对它们并不构成威胁。他说，中国的经济发展不会对美国构成威胁，美国不
中国不会对别国构成威胁,1997-01-31,新华社北京１月２９日电 （记者马桂花）美国驻华大使尚慕杰最近在接受本社记者专访时说，所谓“中国威胁论”不符合中国的历史。他说，回顾历史，中国并不是扩张主义者，也不是具有侵略性的国家。现在，中国政府和中
法国学者撰文批评『中国威胁论』 西方没有理由抱怨中国崛起,1997-01-23,·德·蒙布里亚尔１６日在《费加罗报》发表一篇题目为《该不该害怕中国？》的文章，批评西方散布的“中国威胁论”。文章一开头说，中国拥有世界１／５的人口，自１９７８年以来年经济增长率平均高于９％，它又有世界
迟浩田会见葡萄牙客人,1997-01-22,政策，表达了进一步发展两国友好关系的愿望。迟浩田强调，中国奉行防御性的国防政策，西方有人散布“中国威胁论”完全是别有用心的。迟浩田说，我们不会忘记帕切科将军为恢复中葡两军关系所作的努力。近年来，两军领
徒劳的误导,1997-01-22,国公众进行误导，对决策机构施加影响，试图给中美关系的发展增加障碍。这些人在继续散布各种版本的“中国威胁论”的同时，又不断炮制出一些新的反华论调。他们时而在香港的回归和前途问题上散布悲观怀疑的观点，鼓吹
日当局散布“中国军事威胁”  朝鲜《劳动新闻》载文批驳,1997-01-19,新华社平壤１月１８日电 朝鲜《劳动新闻》今天发表评论指出，日本当局宣称的所谓“中国军事威胁”论，是为日本加速实现军事大国化制造借口。日本防卫研究所不久前发表一份题为《安全保障环境的长期预测和日本防卫的
乔石委员长访问土耳其约旦伊朗  越南老挝五国情况的书面报告,1997-01-01,要几代人的艰苦努力，需要保持国内的稳定，需要一个和平的国际环境。针对国际上有些人制造和散布的“中国威胁论”，乔石委员长强调，邓小平同志早在２２年前就在联合国大会第六届特别会议上庄严宣布中国永远不做超级
粮食丰收后要继续坚持党的粮食政策,1996-12-23,的力量解决吃饭问题。这不仅以事实否定了中国人不能养活自己的悲观论点，而且使国际上一些人制造的中国粮食威胁论不攻自破。粮食丰收说明处理好工农业关系是保证粮食和农业稳定增长的基本条件。多年的实践表明，只要
惑众者必失众,1996-12-23,横加指责。在这方面，《纽约时报》的几篇文章可为佐证。自去年以来，《纽约时报》登了若干文章散布“中国威胁论”，鼓吹要对中国实行“全面遏制”。最近，它又接连发表文章，指责美国政府调整对华政策，将其比作当年
迟浩田在美国防大学发表讲演,1996-12-12,国从未侵略过别的国家，也没有在国外派驻一兵一卒。但是，这些年来，国际上有那么一些人不断地散布“中国威胁论”，说什么中国强大了，就要威胁别国，就是亚太地区的不稳定因素。我认为，散布这些谬论的人是别有用心
日本应以具体行动改善日中关系,1996-12-02,系的前途》的文章中，追述了日本今年以来在日中关系上发生的一些问题，如钓鱼岛问题、部分势力宣扬“中国威胁论”、日本首相再度参拜靖国神社以及部分日本政治家多次发表回避战争责任的言论等等。文章说，认真地逐一
相聚罗马话粮食（通讯）,1996-11-18,饱问题基本解决，为在全球范围内消除饥饿与贫困作出了贡献。但有些别有用心的人，散布所谓未来的“中国粮食威胁论”。李鹏总理在讲话中指出：“人们完全可以放心，在未来的岁月里，中国人民不仅有能力依靠自己的力量
迟浩田会见孟加拉国陆军参谋长,1996-11-09,友好合作关系的发展。他强调，中国与孟加拉国一样反对霸权主义和强权政治，某些西方国家散布的所谓“中国威胁论”是毫无根据的。他还向客人介绍了中国改革开放所取得的成就和中国军队建设的情况。马赫布卜表示，他非
爱国主义无可非议,1996-11-05,民的爱国主义与狭隘的民族主义是一回事，对西方将是一场灾难，必须赶快丢掉。这种奇怪的逻辑与所谓“中国威胁论”如出一辙。爱国主义历来是天经地义的事，是任何一个国家都在提倡的。环顾当今世界，哪一个国家不在为
迟浩田会见法国海军参谋长,1996-10-29,还向客人介绍了中国独立自主的和平外交政策、防御性的国防政策和中国的改革开放情况，驳斥了所谓的“中国威胁论”。勒费弗尔说，这是他首次访问中国，目的就是为了发展两国和两军之间的友谊与合作。法中两国有许多共
李鹏会见缅甸客人,1996-10-26,据本国国情来决定，别国无权干涉。他说，中国一贯反对干涉别国内政，反对霸权主义，西方某些人散布“中国威胁论”是毫无根据的。会见中，李鹏愉快地回顾了他去年访缅时的情景并对缅甸经济发展表示高兴。他说，缅甸资
中国的粮食问题,1996-10-25,—１９９５年为０．４％。因此，中国进口少量粮食，绝不会对世界粮食安全构成威胁，国际上所谓的“中国粮食威胁论”是毫无根据的。中国在进口一些粮食的同时，还出口一些具有较高附加值的食品。１９８５—１９９５年
中哈国防部长会谈,1996-10-24,政策时，迟浩田强调，中国的社会制度和国家发展战略决定了中国的国防政策是防御性的。西方有人散布“中国威胁论”，这是别有用心的，至少是对中国历史和国情的无知。他说，今年４月，江泽民主席同哈萨克斯坦总统纳扎
中保国防部长会谈,1996-10-23,层往来不断。迟浩田对保加利亚政府一贯奉行“一个中国”的政策表示赞赏和感谢。迟浩田强调，所谓的“中国威胁论”毫无根据，散布这种谬论的人是别有用心的。他说，中国的国防政策是防御性的。帕夫洛夫表示，保加利亚
印报载文驳斥『中国威胁论』,1996-10-23,印度《民族先驱报》近日发表署名文章，盛赞中国建国４７年来，特别是改革开放以来所取得的辉煌成就，并严厉驳斥“中国威胁论”。文章说，中华人民共和国建国４７年以来，特别是最近１７年来，在各方面取得了辉煌的成就。中国的全
威胁来自『威胁论』鼓吹者（述评）,1996-10-19,量。“谋求超级大国地位和霸权”的不是中国，恰恰是步美国后尘的日本；所谓“威胁”，正是来自鼓吹“中国威胁论”的日本及其盟友美国。日本这样做的目的，就是想要转移国际社会的视线，使各国放松对它的警惕，以便它
迟浩田会见土军总参谋长,1996-10-18,关系。迟浩田说，中国实行独立自主的和平外交政策，反对强权政治和霸权主义。某些西方国家散布所谓“中国威胁论”是毫无道理的，也是别有用心的。中国愿意为世界的和平与稳定作出贡献。卡拉达伊说，土耳其十分重视发
傅全有与土军总参谋长会谈,1996-10-17,张行为。他指出，中国的国防政策是防御性的。目前，中国的中心任务是发展经济。西方有些人散布所谓“中国威胁论”是别有用心和毫无根据的。他对土耳其坚持“一个中国”的政策表示赞赏和感谢。卡拉达伊说，土中两国在
迟浩田会见葡军总参谋长,1996-10-16,的葡萄牙军队总参谋长富泽塔·达蓬特海军上将一行。他再次批驳了某些国家出于自身需要而宣传的所谓“中国威胁论”，并称之为“奇谈怪论”。迟浩田说，中国正在集中精力进行经济建设，在海外没有军事基地，不同任何国
人类的壮举  历史的启示,1996-10-14,际形势看，总的来说，对我们进行社会主义经济建设是有利的。但是西方某些敌对势力，一方面制造鼓吹“中国威胁论”，挑拨我国与周边国家的关系，为在亚太地区驻军和遏制中国制造舆论根据。一方面利用台湾、西藏、人权
迟浩田分别会见津澳客人,1996-09-26,展，双方在防务方面的合作也会得到发展。迟浩田还说，西方有些国家用错误的眼光看待中国，他们散布“中国威胁论”，并企图遏制中国、孤立中国。但是中国是遏制、孤立不了的，也是不应被遏制和孤立的。
迟浩田同白俄罗斯国防部长会谈,1996-09-24,国是爱好和平的国家，中国的社会制度和国家发展战略决定了中国的国防政策是防御性的。西方有人散布“中国威胁论”，这是别有用心的，至少是对中国的历史和国情的无知。他说，中国人民在解放前近一个世纪中，吃尽了外
放弃遏制  发展合作,1996-09-23,一政策的基本思想是欢迎和促使中国进一步融入国际社会。这在美国得到了广泛的支持。问：您怎么看待“中国威胁论”？答：我认为，事实上中国在亚太地区相对来说是一个安全因素，因为中国在很多方面还是一个发展中国家
共同努力缔造一个和平与发展的新世界,1996-09-20,有些人幸灾乐祸地渲染中国的困难，断定中国要“垮台”；也有些人蓄意夸大中国的经济实力，散布所谓“中国威胁论”。这两种论调都是不符合事实的。中国这些年虽然在各方面都取得明显成就，但人均国民生产总值还很低。
中国不是威胁  日本值得警惕,1996-09-19,京前，他接受了本报记者专访。问：中国实行改革开放政策以来有了快速发展。西方有些人借机宣传所谓“中国威胁论”。您如何看待这种论调？答：这些年来，我每隔一两年就来中国一次，中国变化之快，使我每次都感到认不
日本面临严重抉择,1996-09-18,日本某些政客起劲地煽动狭隘的民族主义，公开要求修改宪法，为日本对外扩张势力扫除障碍；竭力散布“中国威胁论”，离间中国同亚洲各国的关系；想方设法向海外派兵，在国际上显示力量。不久前，日本强化了同美国的安
迟浩田会见塔国防部长,1996-09-18,不参加任何军事集团，中国军队的职能和任务是保卫国家的独立、主权和安全，某些西方国家散布的所谓“中国威胁论”是毫无根据的。海鲁拉耶夫说，中国是塔吉克斯坦的伟大邻邦，他很高兴看到中国在改革开放中获得的巨大
坦诚友好共议未来,1996-09-07,下个世纪经济还会有新的发展，并将在世界事务中发挥更大作用。有多位外方与会者在发言中明确批驳了“中国威胁论”，他们指出，中国有能力显示，一个繁荣的中国只会比一个贫穷和不稳定的中国对世界更有利。中国和东亚
张万年会见施莱辛格,1996-09-07,传媒散布的所谓“中国威胁论”，张万年说，中国的国防政策是防御性的，中国的军费水平是很低的，中国军队发展武器装备是为了保卫国家主权和领土完整，这不会对别国构成任何威胁。所谓“中国威胁论”完全是无事生非的
迟浩田会见美国客人,1996-09-06,，现在正处于世纪之交，双方应着眼于未来，把健康稳定的中美关系带入２１世纪。他再次批驳了所谓的“中国威胁论”，称之为“无稽之谈”。普吕厄说，佩里国防部长期待着迟浩田访问美国。他说，美中之间有着共同利益，
钱其琛会见美国客人,1996-09-04,理国家关系时，坚持和平共处五项原则，为国家的经济建设创造和平的国际环境。针对世界上有人散布的“中国威胁论”，钱其琛说，这种观点是没有根据的。他说，如果中国经济不发展，占世界人口２２的中国处于贫困状态，
中国威胁论———不公正的状词,1996-08-31,马来西亚战略研究所所长诺尔丁·索比日前在日本《读卖新闻》发表一篇评论，题为《中国威胁论———不公正的状词》，摘要如下：攻击中国超越常规西方人推销中国威胁论已经到了歇斯底里的程度，对中国的抨击也正逐渐超越常规。攻击中国
日本别干蠢事,1996-08-30,然表现。近年来，日本不断有人歪曲侵略历史，美化侵略战争，向国民灌输军国主义意识；大肆渲染所谓“中国威胁论”，竭力挑拨中国与邻国的关系，为向外扩展势力制造借口；强化日美安保体系，扩大防卫范围，甚至在防卫
江泽民会见马哈蒂尔,1996-08-27,界造成威胁。马来西亚明确反对这种错误观点。江泽民对马哈蒂尔所持的正确立场表示赞赏，并表示所谓『中国威胁论』毫无根据。他说，中国愿与各国做好邻居、好朋友，希望与各国建立和发展长期友好合作关系，中国永远是
赞天津四青年（人民论坛）,1996-08-14,战犯翻案，为军国主义招魂。当政者堂而皇之去参拜供奉甲级战犯的靖国神社，右翼政客极力散布所谓的『中国威胁论』，煽起军国主义气焰，就是明证。从这个意义上说，《提督的决断》的出现绝不是偶然的。尤其不该的是，
迟浩田同菲国防部长会谈,1996-07-30,对外侵略扩张，不同任何国家建立军事同盟，不在国外驻军和建立军事基地。现在西方某些国家散布所谓『中国威胁论』，说中国经济繁荣起来就会搞军事威胁，这是毫无根据和别有用心的。在介绍中国对国际形势的看法时，迟
李鹏会见日本社民党代表团,1996-07-13,定、繁荣是至关重要的。他说，社民党认为中国的发展有利于亚洲乃至世界的和平与稳定。他表示不赞成“中国威胁论”。李鹏还同客人就其它共同关心的问题进行了坦诚的交谈。中联部部长李淑铮、日本驻华大使佐藤嘉恭等参加了会见。
驳斥中国威胁论,1996-07-09,新华社藏王（日本宫城县）７月８日电 （记者刘文玉、俞宜国）日本自民党众议院议员、前外相三博今天在这里说，日本有人宣扬所谓中国威胁论，但这不是日本国民的想法。三是在接受中国记者采访时作这一表示的。他还说，中国政府目前的大目标是要
谁威胁亚洲？（国际论坛）,1996-07-03,量”，能提供这种“力量”的只有日美军事合作。人们不禁要问，这些人逆中日友好潮流而动，一再鼓噪“中国威胁论”，究竟意欲何为？这些人的目的无非是想一箭双雕：挑拨中国与邻国的友好关系，为遏制中国造势；转移人
为了明天的发展（社论）,1996-06-25,发出“２１世纪谁来养活中国人”的咄咄逼问吗？我们既要警惕西方某些国家借粮食问题大做文章、散布“中国威胁论”，又要高度重视我国的粮食生产，重视耕地面积的稳定，采取强有力的措施，避免耕地总量继续减少。这是
钱其琛会见菲律宾客人,1996-06-19,护世界和平和发展睦邻友好合作关系是中国外交工作重点。他指出，所谓中国经济发展会威胁邻国安全的“中国威胁论”是错误的。他说，如果中国经济不发展，１２亿人很贫穷，才会对世界构成威胁。中国经济的发展将有助于
批『台湾独立』鼓噪驳『中国威胁』论调（外论摘要）,1996-06-15,日中友好协会全国本部副会长新井宝雄日前在日本《玉新闻》上发表文章，批驳日本有些人鼓吹“台湾独立”和“中国威胁”论。文章摘要如下：最近一家日本报纸就台湾问题请两位评论家对谈，其中一人主张“台湾问题的最好的解决
『为韩中友好加砖添瓦』（通讯）,1996-06-01,发展友好合作关系，受到了国际社会的广泛称赞。”他在论文中还有理有据地批驳了西方媒体散布的所谓“中国威胁论”。在促进韩中经贸合作方面，李映周先生也做了许多有益的工作。１９９１年韩国浦项综合制铁株式会社在
刘华清会见比利时军队总参谋长,1996-06-01,军中将时说：有人不仅散布“中国威胁论”，还想分裂中国，这是中国人民坚决不能允许的。这位中国军队的高级领导人指出，台湾、西藏都是中国神圣领土不可分割的一部分。散布“中国威胁论”和企图把台湾、西藏从中国分
日本不应在台湾问题上说三道四,1996-05-31,编者按：日本明治大学教授浅井基文日前在日本《朝日新闻》发表文章，批驳所谓“中国威胁论”，认为日本应牢记历史教训，不应在台湾问题上说三道四。摘要如下：１９９４年以后，中国方面的对日看法严峻。中国对日本国
批评日本某些人煽动“中国威胁论”,1996-05-01,本报北京４月３０日讯 记者李新烽报道：日本参议院议员田英夫日前在此间批评日本某些人有意煽动“中国威胁论”，制造紧张气氛。田英夫是在４月２８—２９日举行的“第九次中日亚洲形势与和平问题座谈会”上说这番话
举世瞩目的协定,1996-04-27,一次雄辩地证明，中国是世界和平与稳定的重要力量，这无疑是对国际上某些别有用心的人所散布的所谓“中国威胁论”的一个强有力的回击。当前，冷战虽然结束，但世界并不太平。和平与安全依然是摆在各国人民面前的重要
俄中合作有利于世界和平,1996-04-18,边界协议履行自己的义务。在这一点上，俄罗斯政府“不会有丝毫动摇和改变”。谈到国际上有人散布的“中国威胁论”，罗高寿认为这一说法纯属“无稽之谈”。这位素有“中国通”之称的资深外交官强调，中国的经济增长和
加强相互信任  促进睦邻友好,1996-04-12,他中亚三国签署在边境地区加强军事领域信任的协定，这无疑是对国际上某些别有用心的人所散布的所谓“中国威胁论”的一个强有力的回击。
批驳中国威胁论,1996-04-10,本报伦敦４月７日电 记者李文政报道：英国著名亚洲问题学者狄克·威尔逊最近出版了题为《中国———大老虎：一个国家的觉醒》的新著，认为中国现已走上和平发展的道路，西方有关中国构成威胁的种种说法，是误导国际社会。４月３日，英国著名的利特尔·布朗出版社在伦敦大学亚非学院为该书正式出版举行招待会。６７岁的威尔逊...
李瑞环会见摩尔多瓦议长,1996-03-24,，这些年来，中国经济发展较快，于是国际上有些人就不高兴，总想找中国的麻烦，毫无根据地散布所谓“中国威胁论”，为他们遏制中国制造舆论。他强调指出，中国有１２亿多人口，一个强大和稳定的中国对世界的和平、稳
钱其琛答中外记者问,1996-03-12,且希望这一条约能尽早生效。本报记者：请问您是否认为“中国威胁论”有美国背景，中国怎样评估美国的对华政策？答：美国的舆论界确实有人制造这种“中国威胁论”，主张对中国进行遏制，但是美国的领导人多次表示美国
世界的未来在亚洲,1996-02-11,特在书中用不少篇幅谈到了中国的变化。他认为，中国必然会成为一个世界强国。他反驳了西方某些人的“中国威胁论”。他指出，中国的崛起与３０年代的日本不同，不会造成对其他国家的威胁。对中国的遏制政策将不会生效
驳斥『中国威胁论』,1996-02-09,新华社北京２月８日电 波恩消息：德国《新德意志报》近日发表题为“谁威胁谁？”的署名文章，对所谓的“中国威胁论”进行了驳斥。文章指出，“中国提出了到下个世纪中叶使国家摆脱落后并实现现代化的目标，为此需要持久
谨防冷战思维抬头,1996-01-26,三年多前，当西方某些人宣扬“中国威胁论”时，国际上的有识之士就一针见血地指出，这实质上是为限制中国发展造舆论的。果不其然，去年夏天某些西方报刊就抛出了“遏制中国论”，至今不绝于耳。这些人煞费苦心地编造
扬长补短重在扬长（人民论坛）,1996-01-24,都敢来欺负；团结一心，就能所向无敌。这就是为什么有些西方人一会说，中国人养不活自己，一会又散布中国威胁论，用心不良，又始终搞不清中国的事情。『长』是优势，是生命，是发展壮大自己的生长点。人贵有自知之明
认识的深化  形象的展示（学习贯彻十四届五中全会精神）,1996-01-16,本不存在对别国的“威胁”；今后，经济发展了，国力增强了，成了“经济大国”，我们也永远不称霸。“中国威胁论”是西方敌对势力不愿中国强大而别有用心制造出来的谎言。三是展示了安定团结，保持稳定的形象。《建议
驳斥西方散布“中国威胁论”,1996-01-11,本报汉城１月１０日电 记者徐宝康报道：韩国前驻华大使卢载源６日在韩国《朝鲜日报》发表文章指出，西方国家散布“中国威胁论”对世界和平和稳定是极大的不幸。文章说，１２亿人口的中国在过去的１６年间，取得了年均９％的高经济
吴学谦会见日本客人,1996-01-10,设情况。他说，中国坚持独立自主的和平外交政策，其经济建设和发展需要一个长期的和平环境，所谓的“中国威胁论”是毫无根据的。即使中国将来强大了，也不会推行强权政治。武见敬三说，日中两国应建立起面向未来的友
驳『中国威胁论』,1996-01-07,新华社北京１月５日电 今天出版的《中国国防报》刊登了一篇题为《驳“中国威胁论”》的署名文章。文章指出，争取和维护世界和平，在和平中谋求发展和社会进步，是曾经饱受帝国主义、殖民主义压迫和贫穷落后之苦的中
李鹏总理接受《中华英才》半月刊采访 纵论世纪之交的中国与世界,1996-01-03,能出现五至六个经济发展比较快的地区，这和世界多极化趋势的发展是密切相联的。针对海外有人散布的“中国威胁论”，李鹏指出，“中国威胁”之说是没有根据的。中国改革开放１７年来，经济成就确实令世人瞩目。目前在
李瑞环东南亚之行圆满成功,1995-12-28,际上某些人散布所谓“中国威胁论”进行了批驳。他指出，鼓吹这种论调的真实目的是遏制中国，这不仅不利于中国的发展，也不利于亚洲和世界的和平稳定。一些国家领导人也指出，所谓“中国威胁论”是完全没有根据的。朱
乔石委员长访问巴基斯坦埃及印度三国情况的书面报告,1995-12-27,家和发展中国家进一步扩大互利合作，开辟广阔的前景。乔石委员长还批驳了国际上有些人制造和散布的“中国威胁论”。重申中国实行独立自主的和平外交政策，不仅现在没有对其他国家构成威胁，即使将来发展起来，综合国
泰国通讯：中泰一家亲,1995-12-26,景是十分广阔的。李瑞环在记者招待会上驳斥了所谓“中国威胁论”，阐明中国经济发展，国家富强了只会对邻国有利，也有利于世界的和平与稳定；如果按照“中国威胁论”者的逻辑，中国只能永远处于贫穷和落后的状态，那
李瑞环接受泰国记者联合采访,1995-12-24,报记者联合采访，就东南亚五国之行的感想、中泰关系、中国与东盟的关系、对中国发展的估计以及所谓“中国威胁论”等问题，回答了记者的提问。他特别强调，中国发展经济有利于周围邻国，有利于世界稳定与和平。（详见第二版）
李瑞环接受泰国记者联合采访,1995-12-24,续努力奋斗的准备。问：近年来中国经济发展很快，西方一些人散布“中国威胁论”，本地区也有一些人附和。请问您对此有何评论？答：所谓“中国威胁论”是完全站不住脚的。这些年中国经济确实发展很快，综合国力不断增
中国发展有利于世界和平与进步（——驳“中国威胁论”）,1995-12-22,明真相；至于宣扬“中国威胁论”，则是另有企图。中国的发展究竟是有利于世界的和平和进步，还是对世界和平与稳定的威胁，对这个原则问题，我们不得不辨明是非，以正视听。（一）“中国威胁”的论调初始于１９９２年
马来西亚通讯：相似的目标  共同的任务,1995-12-18,理等领导人一直指出，中国在政治和军事上都不会构成对亚洲的威胁，而将会提供很大的经济机会。所谓“中国威胁论”是错误、有害的。马来西亚领导人这次与李瑞环会谈时，再次强调人们所担心的不是一个富裕的中国，而是
迟浩田会见智利陆军副司令,1995-12-09,建设自己的国家；中国不扩张，不称霸；中国的军队是为了保卫祖国、保卫人民的和平劳动。有些人散布“中国威胁论”，暴露了他们自己的无知。加林中将一行是应中国人民解放军总参谋部的邀请于６日抵京访问的。
世纪之交的对外政策挑战,1995-11-23,的成就及进一步深化改革所面临的问题。大多数与会者赞扬了中国改革所取得的成功。尽管个别人重复了“中国威胁论”的老调，但多数与会者反对“遏制”中国和“在亚洲进行新的冷战”。布什在致开幕词时强调：“我们和中
乔石会见孟买工商界人士,1995-11-19,印经济合作的新途径和新领域。乔石在讲话中还批驳了国际上有些人歪曲中国的发展，甚至制造和散布“中国威胁”的论调。他说：“中华民族曾饱受列强１００多年的侵略、压迫和掠夺之害。我们从自身的历史遭遇和实际出发
迟浩田会见美国客人,1995-11-18,题，中国人民把独立、自主和民族统一大业看得比什么都重要，这是一个民族感情问题。他指出，所谓的“中国威胁论”是毫无根据的，中国人民正在集中精力进行经济建设，中国的繁荣富强只会对世界的和平与稳定有好处。中
迟浩田会见德国客人,1995-11-03,向客人们介绍了中国国防政策和国内形势。他强调，中国的国防政策是防御性的，国际上有人散布的所谓“中国威胁论”、“中国填补真空论”是毫无根据的。旭恩波姆说，德国非常重视与亚洲特别是同中国的关系。恢复和增强
江主席会见菲律宾参议院议长（指出某些西方媒介散布所谓『中国威胁论』毫无根据）,1995-11-01,是周边邻国发展友好合作关系，坚决奉行独立自主的和平外交政策。江主席说，某些西方媒介散布的所谓『中国威胁论』是毫无根据的。中国发展和强大起来，也绝不谋求霸权，绝不会对任何国家构成威胁。一个稳定发展的中国
美报载文驳“中国威胁论”,1995-10-28,编者按：美国《洛杉矶时报》１０月２２日刊载威斯康星大学历史学教授莫里斯·梅尔默写的《日益加深的对中国的恐惧使美中关系更加复杂》一文，现摘要如下：最近几年，中国日益被西方政客们描绘为“潜在的侵略国”，有些人还倡议采取“遏制”政策来对付中国的“威胁”。正是这种日益加深的对中国的恐惧，大大促使中美关系在过去...
马毓真驳英刊“中国威胁”论,1995-10-23,（记者施鲁佳）中国驻英国大使马毓真１９日致函英国《旁观者》杂志，驳斥该刊在其最近一期刊载的一篇文章中散布的“中国威胁”论。这篇题为《充满东方威胁》的文章声称，中国经济的发展已对世界构成威胁，“带来了新的冷战”，并渲
外交部发言人答记者问,1995-10-20,国问题的部分有何评论？陈健答：中国是一个爱好和平的国家，是维护世界和平与发展的重要力量。散布“中国威胁论”和“遏制中国论”是危险的，实际上是一些人妄图向中国施加压力和挑拨中国同其他国家关系的一种伎俩。
关于制定国民经济和社会发展“九五”计划和年远景目标建议的说明,1995-10-06,和平发展的规划。中国的发展和壮大将增强保卫世界和平的力量。现在世界上有些人别有用心地散布所谓“中国威胁论”，是毫无根据的。同志们：制定“九五”计划和２０１０年远景目标是一件大事。相信经过这次全会讨论，
关于制定国民经济和社会发展“九五”计划和年远景目标建议的说明,1995-10-06,和平发展的规划。中国的发展和壮大将增强保卫世界和平的力量。现在世界上有些人别有用心地散布所谓“中国威胁论”，是毫无根据的。同志们：制定“九五”计划和２０１０年远景目标是一件大事。相信经过这次全会讨论，
中国的发展与中英关系,1995-10-04,进合作与发展，已成为世界的主流。中国今天不会，将来发展强大了，也决不会去威胁和侵略别的国家。“中国威胁论”完全是用来吓人的“奇谈怪论”。女士们，先生们，朋友们：中国政局的稳定和经济的快速增长，带动了中
就中美关系发表重要讲话,1995-09-30,美关系将不再重要。事实证明，这是一种短视的看法。值得警惕的是，最近又出现了另一种论调，即所谓‘中国威胁论’。在中国近代史上，中国受尽了列强侵略和欺凌，从来没有对外扩张过。中国的现代化事业需要一个长期的
江泽民同志的讲话,1995-09-04,和平的重要力量。中国过去没有对别国构成过威胁，今后也不对任何人构成威胁。国际上有些人制造所谓“中国威胁论”，这是毫无根据的，也是别有用心的。战后五十年来，世界无大战，但局部战争狼烟未息，冲突持续不断，
钱其琛会见美国众议员,1995-09-01,国国会众议院国际关系委员会亚太小组委员会主席道格·贝罗伊特时表示欢迎美国企业家来华投资。关于“中国威胁论”，钱其琛说，中国的经济发展、人民生活水平提高，才能形成一种稳定的局面，这对地区和世界都是有利的
批驳『遏制中国论』,1995-08-19,：『中国在过去十六年的改革开放中取得了巨大成就，但西方一些人不愿看到中国发展强大，凭空臆造出「中国威胁论」，其用心是离间中国与周边国家的关系，牵制中国的发展。』马大使指出，中国是热爱和平的国家，一贯致
好邻居  好朋友（国际论坛）,1995-08-08,入２１世纪，遗憾的是某些冷战思维仍在起作用，国际上有人竭力挑拨东盟与中国的友好关系，四处兜售“中国威胁论”，鼓吹在东南亚搞遏制中国的战略，妄称东盟的扩大是为了“联合起来对付中国”。这些奇谈怪论用心险恶
危险的赌注（国际论坛）,1995-08-04,害中国；为什么美国总有人要干涉中国的内政，阻挠和破坏中国的统一；为什么美国总有人要制造和散布“中国威胁论”……这下明白了，原来，这盖出于美国某些人要奉行对华“遏制”政策。为什么要“遏制”中国？文章作者
中国与东盟关系前景广阔,1995-08-03,的第６大贸易伙伴。中国与东盟去年成立的经贸和科技两个联合委员会，已经启动。同西方有人所鼓吹的“中国威胁论”相反，东盟政治家和有识之士认为，一个发展和繁荣的中国，只会有利于东盟和亚太地区的和平、稳定与发展。中国与东盟有着光明的合作前景。
钱其琛驳斥『中国威胁论』,1995-07-31,长举行对话。他在谈到有关中国的发展情况时，驳斥了国际上有关“中国威胁论”的说法。钱其琛说，现在国际上观察中国时，时而有人提出所谓“中国威胁论”问题，认为中国经济发展起来了，就会构成威胁。他说，这至少是
偷梁换柱  危言耸听,1995-07-28,亚洲一些国家和地区的军力对比时，采取偷梁换柱的不光彩手法，肆意夸大中国的国防费用，为所谓的“中国军事威胁论”制造根据。关于１９９４年中国国防费用占国内生产总值的比例，文章抬出的数字高得令人吃惊：５．４
事实胜于雄辩（———驳“中国军事威胁论”）,1995-07-28,近年来，国外不断有人拿中国的国防开支做文章，炮制“中国军事威胁论”，以混淆视听，挑拨中国同邻国的关系，损害中国的国际形象。最近本报记者就此采访了中国国际战略学会研究员胡平博士。他以充分的数据和事实以及
李鹏会见印尼外长,1995-07-21,面也体现了中国人民的辛勤劳动和决心。他指出，中国的发展是对地区和世界和平的贡献。某些人散布的“中国威胁论”的论调是不能成立的。
美国打『台湾牌』居心何在？,1995-06-20,了，但是美国政府在观察当今错综复杂的世界时，仍未摆脱“冷战”思维定势。由美国少数人鼓吹的所谓“中国威胁论”，就是这种“冷战”意识。在美国一些人看来，中国的现实存在对西方制度来说就是一个巨大威胁；而中国
美国要把中美关系引向何方？,1995-06-12,，就在这个时候，美国对中国政策中的另一种势头也在增长。随着中国经济发展，美国有些人又竭力鼓吹“中国威胁论”。今年４月１７日美国《洛杉矶时报》刊载文章说：美国官员“开始密切注意中国，把它看作可能的长期对
中拉两国关系有新发展,1995-04-02,曾长期遭受西方列强的侵略和压迫。因此，中国将来更加强大了，也不会进行扩张和侵略。他强调，所谓“中国威胁论”不过是西方媒体造出来的神话。
张震会见乌拉圭国防部长,1994-12-07,础上发展同世界各国的友好合作关系。”谈及中国的军队建设，张震指出，现在国际上有些人散布的所谓“中国威胁论”是完全没有根据的。他说，“我们军队的数量是不少，但我国地域广大，有着漫长的海岸线和陆上边界，军
江主席接受新加坡记者联合采访,1994-11-11,关于南沙问题，江泽民指出，中国的立场是一贯、明确的。我们主张通过双边谈判来解决有关争议，种种“中国威胁论”的说法都是没有根据的。我这次到东南亚访问，完全是为了与往访国家增进了解，加强友谊，进一步发展睦
和平与发展是中国的利益所在（——驳“中国军事威胁论”）,1994-10-27,胡平编者按：所谓“中国军事威胁论”是某些人臆造出来的，其目的是挑拨中国同邻国的关系，阻挠中国的发展。本文从中国的军费、军备、睦邻政策等方面进行了分析，阐明走和平与发展的民族富强之路，是中国人民的历史选
外交部发言人发表谈话,1994-07-01,道纯属捏造。一个时期以来，少数别有用心的人不断散布中国在缅属岛屿建立海军基地的谣言，为所谓的‘中国威胁论’制造根据。其目的在于离间中国与周边国家的关系，值得警惕。这种企图是徒劳的。”有记者问，中方对中
严厉谴责英方对中国内政的粗暴干涉,1994-04-23,下院外委会的报告还别有用心地宣扬“中国威胁论”，挑拨我与邻国的关系。众所周知，中国一贯奉行独立自主的和平外交政策。中国是维护世界和平与稳定的积极因素。编造“中国威胁论”是毫无根据的，也是徒劳的。中国全
拉赫曼设宴欢迎钱其琛  中孟两国外长举行会谈,1994-02-26,神、妥善解决国与国之间存在的问题，进一步促进南亚的稳定与繁荣。钱其琛还驳斥了某些人散布的所谓“中国威胁论”和中国向印度洋扩张的论调。孟加拉国政府高级官员、陆海军将领及友好人士以及中国驻孟大使张序江等出席了宴会。据新华社达卡２月２５日电
李鹏主持仪式热烈欢迎川·立派,1993-08-27,强调中国同东盟各国的关系都很好，并十分重视进一步发展同东盟各国的关系。他批驳了有人散布的所谓“中国威胁论”。川·立派总理赞赏中国对维护东南亚的和平与稳定所发挥的建设性作用。他指出，泰国和东盟其他国家都
中泰两国外长会谈,1993-08-27,其主席国的职责中取得成功。巴颂说，泰国高兴地看到，东盟与中国的关系进一步加强。泰国不相信所谓“中国威胁论”，相反，泰国认为，中国为解决本地区的问题正在发挥积极的作用。东盟加强与中国的合作不仅对东盟自身
江主席畅谈中日关系和国内外大事,1993-08-09,美关系。 ●亚太安全机制应从本地区实际出发。亚太各国应根据和平共处五项原则友好相处。 ●所谓“中国威胁论”没有根据。中国永远不称霸，同时反对任何形式的霸权主义和强权政治。 ●人权问题从本质上说是各国主
江泽民主席广泛论述中外大事,1993-07-10,平均，经济基础还是比较薄弱的。即使将来经济取得更大的发展，中国也不会对别国构成威胁。有人散布“中国威胁论”，这是完全没有道理的。江泽民指出，我们的政治体制改革，目标是建设有中国特色的社会主义民主政治。
江主席会见马哈蒂尔总理,1993-06-16,两国间的联系会更加牢固，这对马来西亚来说十分重要，马中关系的前景是十分美好的。“现在有人散布‘中国威胁论’，称中国正在发展军备是为了对付其邻国，我们认为他们散布这种论调是出于其私利。”在会见开始时马哈
李鹏举行隆重仪式欢迎马哈蒂尔  两国总理在诚挚友好气氛中会谈,1993-06-15,意同世界各国发展友好合作关系，发展同周边国家的睦邻友好关系是我国坚定不移的方针。有人散布所谓“中国威胁论”是别有用心的，是要挑拨我国与周边国家的关系。事实上，一个繁荣的中国是亚洲和世界和平与稳定的重要
从对中国经济的评估谈起,1993-06-01,评价，笔者心中欢喜。但值得注意的是，近来有一种现象，即有人引述对中国经济实力的评价是为了带出“中国威胁论”这样一个潜台词，说中国经济发展后，便会进行军事扩张，对世界或地区安全构成威胁，云云。这就需要予
“中国军事威胁论”毫无事实根据,1993-04-17,穆惠民西方某些传媒在散布所谓“中国威胁论”时，煞有介事地声称“中国大幅度增加军费”，“大量采购先进武器”，已“超出防卫需要”……此说缺乏起码的事实根据。首先让我们看一看近几年中国军费的实际情况：１９９
主观臆造代替不了客观事实（——“中国威胁”论析）,1993-03-27,言，中国将步前苏联、东欧之后尘，无法避免如骨牌般倒下。此话尚言犹在耳，所谓中国强大威胁他国的“中国威胁”论却又从西方的某些角落泛起。这种怪论宣称，中国“扩军”已“超出防卫需要”；中国要在亚太地区“填补
钱其琛谈国际形势和我国对外政策,1993-03-24,是冷战结束以后一些大国的军火工业没有市场，需要寻找新的销售市场，于是要制造一种舆论，比如说，“中国威胁论”、“要填补真空”、亚太地区出现紧张等，以便推销其军火。　　日本广播协会记者问：上个月《人民日报
钱其琛批驳“中国威胁论”,1993-03-18,本报北京３月１７日讯　新华社记者汪金福、陈铭、本报记者吴以荣报道：中共中央政治局委员、国务委员兼外交部长钱其琛今天在这里批驳了所谓的“中国威胁论”。他指出，散布这种论调的用心是企图阻碍中国的经济发展，妨碍中国的和平统一。　　钱其琛在人民大会
李鹏会见美国前国务卿黑格,1993-02-18,。中国的国防力量完全是防御性的，人均军费开支是很低的，这是客观事实。现在国际上有些人散布什么“中国威胁”论，这是毫无根据的。关于所谓“中国威胁”的种种谣言和奇谈怪论，都不值得一驳。国务院外办主任齐怀远、外交部副部长刘华秋等参加会见。
“中国威胁”论的背后,1993-02-18,　　新华社记者 怀成波　　最近一个时期，西方有人蓄意散布“中国威胁”论。他们渲染中国的国防建设，危言耸听，宣称这是“危险的”，“似乎超出了防卫能力”，“开始具备侵略能力”，等等。此类奇谈怪论，是毫无事
“中国威胁论”可以休矣,1992-10-10,吴晋最近，在美国出现了一种宣传“中国威胁”的论调。在布什政府决定向台湾出售１５０架Ｆ—１６战斗机，从而使中美关系面临严重波折之际，散布这种论调的用意，显然在于为美国开脱责任，企图证明美国破坏中美“八·
白日梦（国内短评）,1984-06-10,部分”。越南当局企图用这个“备忘录”来证明中越边境的局势是中国“侵略”政策的结果，从而为所谓“中国威胁”论提供又一个证据。　　但是，人们注意到，越南当局一反常态，在这篇洋洋洒洒的备忘录中只字不提柬埔寨
西哈努克视察梅莱山解放区号召爱国军民狠狠打击越南侵略军,1984-03-22,民族尊严，没有领土完整的和平是毫无意义的。”　　西哈努克亲王驳斥了越南外长阮基石宣传的所谓“中国威胁”的论调。　　他说：“阮基石在东南亚到处宣传什么‘中国威胁’，什么‘泰国向民柬提供庇护所’云云。他说
荒谬的“论据”（——驳越南当局的“中国威胁”论）,1983-07-26,出了一些荒谬的“论据”。为了揭穿这个神话，有必要对越南当局的这些“论据”加以驳斥。越南当局的“中国威胁”论的“论据”之一是：中国“利用红色高棉和其他反动势力反对柬埔寨人民”。越南当局这里所说的“红色高
造谣的好处,1983-07-03,恢复正常关系”。这就清楚了，原来这位先生在东盟国家外长会议召开之际，想按照越南当局的调子，给“中国威胁”论和越南、东盟“和平共处”论敲点边鼓。如果还有人不知道印度《爱国者报》有什么国际背景，看了这位特
老调重弹,1983-07-01,际和平与安全构成了严重威胁。”这是东盟国家对柬埔寨问题上的一贯认识，也是对河内一再重复的所谓“中国威胁”论调的有力驳斥。这不能不使越南当局感到沮丧。然而它又无法证明它入侵柬埔寨不是对东南亚的威胁，于是
越南对解决柬埔寨问题毫无诚意,1983-06-14,改变的迹象。社论说，越南要把柬埔寨问题撇在一边，而与东盟谈论“和平共处”，这同他一向强调的“中国威胁”的论调是一样的。越南把柬埔寨问题说成印支三国和中国之间的问题，其目的无非是把东盟排除一边。社论在谈
偷梁换柱的伎俩,1983-06-12,论调，不仅企图离间东盟国家同中国的关系，而且蓄意麻痹东盟国家对越南霸权主义的警惕。对于这个从“中国威胁”论演绎出来的新花招，人们需要予以密切的注意。越南当局说，只要东盟国家把柬埔寨问题“放在一边”，同
狡辩掩盖不了越南侵柬罪责（述评）,1983-03-01,的贡献。东盟国家的这种行动是完全正当的，得到了大多数不结盟国家的赞扬。越南的遁词之三是，捏造“中国威胁论”，以为它拒不撤军的借口。在这里，它给中国加上了诸如“扩张主义”、“进行多方面的破坏战争”等种种
印度人士说民柬有效地控制着柬埔寨,1982-11-01,谈之后说：“这次讨论没有任何新进展。阮基石没有提出任何新问题。”据报道，阮基石在会谈中重弹“中国威胁”的论调，他要求必须保证中国终止它的威胁，越南才能从柬埔寨全部撤军。库苏马阿马查说，他重申了印度尼西
柬埔寨问题必须正确解决,1982-07-08,不以任何方式干涉柬埔寨的内政。中国根本无意也不可能利用柬埔寨去威胁越南。越南当局大肆散布所谓“中国威胁”论，不但企图以此作为它赖在柬埔寨的借口，并用以对付越南人民要求同中国友好、反对越南当局穷兵黩武政
阮基石的新骗术,1981-09-17,第三，用所谓“要求外国停止对这一地区的直接或间接的干涉和威胁”的说法，混淆视听，继续兜售所谓“中国威胁”论，转移人们对于越南在苏联支持下侵略柬埔寨的视线。可见，阮基石表面上花样翻新，实际上换汤不换药。
中泰会谈富有成果,1980-11-01,区的和平与稳定作出努力。　　正当泰国领导人访华期间，河内一再发出越南拒不从柬埔寨撤军是由于“中国威胁”的论调。关于柬埔寨问题的根源，中国一贯认为，完全是由于越南当局在苏联支持下对邻国实行入侵和占领的政
